Time,purpose,status,client_id,source_type,currency,price,filled_size,size,usd_size,T,start time
2022-08-26 07:22:58,close,CANCELED,893110012498885800,WS,BNB,301.19,-1.4,-2.7,-800,8,2022-08-26 07:22:50
2022-08-26 07:23:49,close,CANCELED,13335783103181312000,WS,BNB,301.06,0.0,2.66,800,59,2022-08-26 07:22:50
2022-08-26 07:23:49,sync,FULL_FILLED,13914297938513533000,WS,BNB,301.07,1.41,1.41,425,0,2022-08-26 07:23:49
2022-08-26 07:23:49,close,CANCELED,16115196258860663000,WS,BNB,301.23,0.0,-2.7,-800,0,2022-08-26 07:23:49
2022-08-26 07:23:49,close,CANCELED,6710082151323304000,WS,BNB,301.21,0.0,-2.7,-800,0,2022-08-26 07:23:49
2022-08-26 07:23:49,close,CANCELED,7508437297278106000,WS,BNB,301.2,0.0,-2.7,-800,0,2022-08-26 07:23:49
2022-08-26 07:23:59,close,FULL_FILLED,10482015013840777000,WS,BNB,301.06,2.66,2.66,800,10,2022-08-26 07:23:49
2022-08-26 07:23:59,close,CANCELED,17662819817899164000,WS,BNB,301.2,0.0,-2.7,-800,10,2022-08-26 07:23:49
2022-08-26 07:23:59,close,CANCELED,11887242876033382000,WS,BNB,301.14,0.0,-2.7,-801,0,2022-08-26 07:23:59
2022-08-26 07:23:59,close,CANCELED,9995326776001987000,WS,BNB,301.11,0.0,-2.7,-801,0,2022-08-26 07:23:59
2022-08-26 07:23:59,close,CANCELED,18223451626915834000,WS,BNB,301.1,0.0,-2.7,-801,0,2022-08-26 07:23:59
2022-08-26 07:24:00,close,CANCELED,13694774652508314000,WS,BNB,301.11,0.0,-2.7,-801,1,2022-08-26 07:23:59
2022-08-26 07:24:00,close,CANCELED,13511586454387410000,WS,BNB,301.11,0.0,-2.7,-801,0,2022-08-26 07:24:00
2022-08-26 07:24:06,close,FULL_FILLED,14605698643951782000,WS,BNB,301.1,-2.7,-2.7,-801,6,2022-08-26 07:24:00
2022-08-26 07:24:34,close,CANCELED,14492332652545767000,WS,BNB,301.0,0.5,2.66,800,7,2022-08-26 07:24:27
2022-08-26 07:24:42,close,FULL_FILLED,3021587714839343000,WS,BNB,301.12,-2.7,-2.7,-800,15,2022-08-26 07:24:27
2022-08-26 07:24:42,close,CANCELED,4366111502369187000,WS,BNB,301.0,0.0,2.16,650,0,2022-08-26 07:24:42
2022-08-26 07:24:42,close,CANCELED,5871667983169334000,WS,BNB,301.05,0.0,2.16,651,0,2022-08-26 07:24:42
2022-08-26 07:24:42,close,CANCELED,6038475942862569000,WS,BNB,301.06,0.0,2.16,651,0,2022-08-26 07:24:42
2022-08-26 07:24:42,close,CANCELED,1969559877683963600,WS,BNB,301.06,0.0,2.16,651,0,2022-08-26 07:24:42
2022-08-26 07:24:47,close,CANCELED,13689986737978106000,WS,BNB,301.09,0.0,2.16,651,5,2022-08-26 07:24:42
2022-08-26 07:24:47,close,CANCELED,7469028923256864000,WS,BNB,301.15,0.0,2.16,651,0,2022-08-26 07:24:47
2022-08-26 07:24:48,close,CANCELED,10642336654291775000,WS,BNB,301.17,0.0,2.16,651,1,2022-08-26 07:24:47
2022-08-26 07:24:48,close,CANCELED,3827571505128945000,WS,BNB,301.23,0.0,2.16,651,0,2022-08-26 07:24:48
2022-08-26 07:25:05,close,CANCELED,9384355081926543000,WS,BNB,301.23,0.0,2.16,651,17,2022-08-26 07:24:48
2022-08-26 07:25:05,close,CANCELED,4689098399049668000,WS,BNB,301.26,0.0,2.16,651,0,2022-08-26 07:25:05
2022-08-26 07:25:08,close,FULL_FILLED,676145835558509800,WS,BNB,301.3,2.16,2.16,651,3,2022-08-26 07:25:05
2022-08-26 07:25:08,close,CANCELED,6688324125779935000,WS,BNB,301.3,0.0,2.66,800,0,2022-08-26 07:25:08
2022-08-26 07:25:08,close,FULL_FILLED,15927235765289440000,WS,BNB,301.42,-2.6,-2.6,-800,0,2022-08-26 07:25:08
2022-08-26 07:25:08,close,CANCELED,17144291935031443000,WS,BNB,301.3,0.0,2.65,799,0,2022-08-26 07:25:08
2022-08-26 07:25:11,close,CANCELED,4344281371152894500,WS,BNB,301.28,0.0,2.65,799,3,2022-08-26 07:25:08
2022-08-26 07:25:11,close,CANCELED,12235838010298286000,WS,BNB,301.3,0.0,2.65,799,0,2022-08-26 07:25:11
2022-08-26 07:25:18,close,CANCELED,3195354379512879600,WS,BNB,301.31,0.0,2.65,799,7,2022-08-26 07:25:11
2022-08-26 07:25:18,sync,FULL_FILLED,2273264778615672300,WS,BNB,301.32,2.65,2.65,798,0,2022-08-26 07:25:18
2022-08-26 07:25:18,close,FULL_FILLED,7056619026165623000,WS,BNB,301.47,-2.6,-2.6,-800,0,2022-08-26 07:25:18
2022-08-26 07:25:18,close,CANCELED,9223786035455756000,WS,BNB,301.31,0.0,2.66,800,0,2022-08-26 07:25:18
2022-08-26 07:25:18,sync,FULL_FILLED,8971730560611046000,WS,BNB,301.32,2.65,2.65,798,0,2022-08-26 07:25:18
2022-08-26 07:25:18,close,CANCELED,17281554947385457000,WS,BNB,301.31,0.0,2.66,800,0,2022-08-26 07:25:18
2022-08-26 07:25:19,close,CANCELED,6955053850167703000,WS,BNB,301.34,0.0,2.65,800,1,2022-08-26 07:25:18
2022-08-26 07:25:22,close,CANCELED,9417529958568399000,WS,BNB,301.47,-1.4,-2.6,-800,4,2022-08-26 07:25:18
2022-08-26 07:25:25,close,CANCELED,18004553927962485000,WS,BNB,301.34,0.0,2.65,800,6,2022-08-26 07:25:19
2022-08-26 07:25:25,sync,FULL_FILLED,12115088056639896000,WS,BNB,301.35,1.4,1.4,422,0,2022-08-26 07:25:25
2022-08-26 07:25:25,close,CANCELED,7604843397898681000,WS,BNB,301.52,0.0,-2.6,-800,0,2022-08-26 07:25:25
2022-08-26 07:25:25,close,CANCELED,2645094068995251700,WS,BNB,301.51,0.0,-2.6,-800,0,2022-08-26 07:25:25
2022-08-26 07:25:25,close,CANCELED,14411382430925430000,WS,BNB,301.51,0.0,-2.6,-800,0,2022-08-26 07:25:25
2022-08-26 07:25:26,close,CANCELED,2884102658210515000,WS,BNB,301.52,0.0,-2.6,-800,1,2022-08-26 07:25:25
2022-08-26 07:25:26,close,CANCELED,1284934980080968400,WS,BNB,301.47,0.0,-2.6,-800,1,2022-08-26 07:25:25
2022-08-26 07:25:27,close,FULL_FILLED,743774515939401700,WS,BNB,301.47,-2.6,-2.6,-800,1,2022-08-26 07:25:26
2022-08-26 07:25:27,close,CANCELED,472598445489110460,WS,BNB,301.34,0.0,2.65,800,1,2022-08-26 07:25:26
2022-08-26 07:25:27,sync,FULL_FILLED,11355889651565652000,WS,BNB,301.35,2.65,2.65,799,0,2022-08-26 07:25:27
2022-08-26 07:25:29,close,FULL_FILLED,7157416978141337000,WS,BNB,301.49,-2.6,-2.6,-800,2,2022-08-26 07:25:27
2022-08-26 07:25:29,close,CANCELED,10512858984975243000,WS,BNB,301.34,0.0,2.65,800,2,2022-08-26 07:25:27
2022-08-26 07:25:29,sync,FULL_FILLED,6763548758963507000,WS,BNB,301.35,2.65,2.65,799,0,2022-08-26 07:25:29
2022-08-26 07:25:31,close,CANCELED,5819623190951123000,WS,BNB,301.34,0.0,2.65,800,2,2022-08-26 07:25:29
2022-08-26 07:25:33,close,CANCELED,12156674557987981000,WS,BNB,301.49,-0.82,-2.6,-800,4,2022-08-26 07:25:29
2022-08-26 07:25:33,close,CANCELED,9974795176328817000,WS,BNB,301.36,0.0,2.65,800,2,2022-08-26 07:25:31
2022-08-26 07:25:33,sync,FULL_FILLED,14613384958846419000,WS,BNB,301.37,0.82,0.82,247,0,2022-08-26 07:25:33
2022-08-26 07:25:33,close,CANCELED,11585206868107692000,WS,BNB,301.53,0.0,-2.6,-800,0,2022-08-26 07:25:33
2022-08-26 07:25:35,close,FULL_FILLED,12687352619554339000,WS,BNB,301.51,-2.6,-2.6,-800,2,2022-08-26 07:25:33
2022-08-26 07:25:35,close,CANCELED,11098656604963045000,WS,BNB,301.36,0.0,2.65,800,2,2022-08-26 07:25:33
2022-08-26 07:25:35,sync,FULL_FILLED,13587390684893841000,WS,BNB,301.37,2.65,2.65,799,0,2022-08-26 07:25:35
2022-08-26 07:25:35,close,CANCELED,10965585467216030000,WS,BNB,301.53,0.0,-2.6,-800,0,2022-08-26 07:25:35
2022-08-26 07:25:35,close,CANCELED,12638422443942520000,WS,BNB,301.53,0.0,-2.6,-800,0,2022-08-26 07:25:35
2022-08-26 07:25:36,close,CANCELED,7494332003597471000,WS,BNB,301.54,0.0,-2.6,-800,1,2022-08-26 07:25:35
2022-08-26 07:25:38,close,FULL_FILLED,570022417091361600,WS,BNB,301.51,-2.6,-2.6,-800,3,2022-08-26 07:25:35
2022-08-26 07:25:38,close,CANCELED,8788296731271706000,WS,BNB,301.36,0.0,2.65,800,2,2022-08-26 07:25:36
2022-08-26 07:25:38,sync,FULL_FILLED,7705465300560570000,WS,BNB,301.37,2.65,2.65,799,0,2022-08-26 07:25:38
2022-08-26 07:25:40,close,FULL_FILLED,10978867809622100000,WS,BNB,301.51,-2.6,-2.6,-800,2,2022-08-26 07:25:38
2022-08-26 07:25:40,close,CANCELED,7883200606496756000,WS,BNB,301.36,0.0,2.65,800,2,2022-08-26 07:25:38
2022-08-26 07:25:40,sync,FULL_FILLED,2056268947515564800,WS,BNB,301.37,2.65,2.65,799,0,2022-08-26 07:25:40
2022-08-26 07:25:40,close,CANCELED,863180624037972400,WS,BNB,301.51,0.0,-2.6,-800,0,2022-08-26 07:25:40
2022-08-26 07:25:41,close,CANCELED,4403359766410359300,WS,BNB,301.53,0.0,-2.6,-800,1,2022-08-26 07:25:40
2022-08-26 07:25:42,close,CANCELED,12673131837669642000,WS,BNB,301.52,0.0,-2.6,-800,2,2022-08-26 07:25:40
2022-08-26 07:25:44,close,FULL_FILLED,6132708313675026000,WS,BNB,301.51,-2.6,-2.6,-800,3,2022-08-26 07:25:41
2022-08-26 07:25:44,close,CANCELED,2027638204257512700,WS,BNB,301.36,0.0,2.65,800,2,2022-08-26 07:25:42
2022-08-26 07:25:44,sync,FULL_FILLED,17977128171311018000,WS,BNB,301.37,2.65,2.65,799,0,2022-08-26 07:25:44
2022-08-26 07:25:44,close,CANCELED,890023533184651600,WS,BNB,301.51,0.0,-2.6,-800,0,2022-08-26 07:25:44
2022-08-26 07:25:44,close,CANCELED,11582019833196526000,WS,BNB,301.54,0.0,-2.6,-800,0,2022-08-26 07:25:44
2022-08-26 07:25:44,close,CANCELED,10590651082532415000,WS,BNB,301.51,0.0,-2.6,-800,0,2022-08-26 07:25:44
2022-08-26 07:25:44,close,CANCELED,11608653734941240000,WS,BNB,301.53,0.0,-2.6,-800,0,2022-08-26 07:25:44
2022-08-26 07:25:45,close,CANCELED,1371607257290394600,WS,BNB,301.51,0.0,-2.6,-800,1,2022-08-26 07:25:44
2022-08-26 07:25:45,close,CANCELED,12208737284918620000,WS,BNB,301.49,0.0,-2.6,-800,1,2022-08-26 07:25:44
2022-08-26 07:25:47,close,CANCELED,15498647796099037000,WS,BNB,301.49,0.0,-2.6,-800,2,2022-08-26 07:25:45
2022-08-26 07:25:47,close,CANCELED,18049356334513934000,WS,BNB,301.36,0.0,2.65,800,2,2022-08-26 07:25:45
2022-08-26 07:25:47,close,CANCELED,8878136294842300000,WS,BNB,301.48,0.0,-2.6,-800,0,2022-08-26 07:25:47
2022-08-26 07:25:47,close,CANCELED,10979777276236028000,WS,BNB,301.36,0.0,2.65,800,0,2022-08-26 07:25:47
2022-08-26 07:25:47,close,CANCELED,3579561652037656000,WS,BNB,301.47,0.0,-2.6,-800,0,2022-08-26 07:25:47
2022-08-26 07:25:58,close,CANCELED,5534900214498284000,WS,BNB,301.51,0.0,-2.6,-800,0,2022-08-26 07:25:58
2022-08-26 07:25:58,close,CANCELED,792358757165905400,WS,BNB,301.5,0.0,-2.6,-800,0,2022-08-26 07:25:58
2022-08-26 07:26:00,close,CANCELED,8831798034459215000,WS,BNB,301.51,0.0,-2.6,-800,2,2022-08-26 07:25:58
2022-08-26 07:26:03,close,CANCELED,16695063272265036000,WS,BNB,301.5,0.0,-2.6,-800,5,2022-08-26 07:25:58
2022-08-26 07:26:03,close,CANCELED,10265847220357652000,WS,BNB,301.36,0.0,2.65,800,3,2022-08-26 07:26:00
2022-08-26 07:26:03,close,CANCELED,7732597652146952000,WS,BNB,301.48,0.0,-2.6,-800,0,2022-08-26 07:26:03
2022-08-26 07:26:03,close,CANCELED,15721728098006940000,WS,BNB,301.36,0.0,2.65,800,0,2022-08-26 07:26:03
2022-08-26 07:26:10,close,CANCELED,11141652793207904000,WS,BNB,301.5,0.0,-2.6,-800,2,2022-08-26 07:26:08
2022-08-26 07:26:10,close,CANCELED,8226844715863263000,WS,BNB,301.36,0.0,2.65,800,2,2022-08-26 07:26:08
2022-08-26 07:26:10,close,CANCELED,479636146819996800,WS,BNB,301.49,0.0,-2.6,-800,0,2022-08-26 07:26:10
2022-08-26 07:26:11,close,CANCELED,7072498178626485000,WS,BNB,301.47,0.0,-2.6,-800,0,2022-08-26 07:26:11
2022-08-26 07:26:11,close,CANCELED,3205084912623049000,WS,BNB,301.36,0.0,2.65,800,0,2022-08-26 07:26:11
2022-08-26 07:26:11,close,CANCELED,3645359177265041000,WS,BNB,301.35,0.0,2.65,800,0,2022-08-26 07:26:11
2022-08-26 07:26:11,close,CANCELED,3162444551750056000,WS,BNB,301.35,0.0,2.65,800,0,2022-08-26 07:26:11
2022-08-26 07:26:11,close,CANCELED,15544312859560114000,WS,BNB,301.47,0.0,-2.6,-800,0,2022-08-26 07:26:11
2022-08-26 07:26:11,close,CANCELED,4731035586355297000,WS,BNB,301.46,0.0,-2.6,-800,0,2022-08-26 07:26:11
2022-08-26 07:26:11,close,CANCELED,718725415595265900,WS,BNB,301.34,0.0,2.65,800,0,2022-08-26 07:26:11
2022-08-26 07:26:11,close,CANCELED,7031844576484937000,WS,BNB,301.34,0.0,2.65,800,0,2022-08-26 07:26:11
2022-08-26 07:26:11,close,CANCELED,4404164004993737700,WS,BNB,301.46,0.0,-2.6,-800,0,2022-08-26 07:26:11
2022-08-26 07:26:11,close,CANCELED,4495683889899406300,WS,BNB,301.34,0.0,2.65,800,0,2022-08-26 07:26:11
2022-08-26 07:26:11,close,CANCELED,15899812711207752000,WS,BNB,301.45,0.0,-2.6,-800,0,2022-08-26 07:26:11
2022-08-26 07:26:23,close,CANCELED,1727562531979839200,WS,BNB,301.5,-1.1,-2.6,-800,8,2022-08-26 07:26:15
2022-08-26 07:26:25,close,CANCELED,2258407551263040000,WS,BNB,301.34,0.0,2.65,800,10,2022-08-26 07:26:15
2022-08-26 07:26:26,close,CANCELED,11440075954720932000,WS,BNB,301.35,0.0,1.1,332,1,2022-08-26 07:26:25
2022-08-26 07:26:27,sync,CANCELED,15019192376653910000,WS,BNB,301.36,0.11,1.1,331,1,2022-08-26 07:26:26
2022-08-26 07:26:27,sync,FULL_FILLED,5151636987839295000,WS,BNB,301.37,0.99,0.99,298,0,2022-08-26 07:26:27
2022-08-26 07:26:27,close,FULL_FILLED,8280785214543364000,WS,BNB,301.5,-2.6,-2.6,-800,0,2022-08-26 07:26:27
2022-08-26 07:26:27,close,CANCELED,7020774066607606000,WS,BNB,301.36,0.0,2.65,800,0,2022-08-26 07:26:27
2022-08-26 07:26:27,sync,FULL_FILLED,3144145888754165000,WS,BNB,301.37,2.65,2.65,799,0,2022-08-26 07:26:27
2022-08-26 07:26:27,close,CANCELED,8454080408517471000,WS,BNB,301.5,0.0,-2.6,-800,0,2022-08-26 07:26:27
2022-08-26 07:26:29,close,FULL_FILLED,11231775953367044000,WS,BNB,301.53,-2.6,-2.6,-800,2,2022-08-26 07:26:27
2022-08-26 07:26:29,close,CANCELED,1751712572967985000,WS,BNB,301.36,0.0,2.65,800,2,2022-08-26 07:26:27
2022-08-26 07:26:29,sync,CANCELED,7369593958133448000,WS,BNB,301.37,1.03,2.65,799,0,2022-08-26 07:26:29
2022-08-26 07:26:29,sync,CANCELED,11686204044594307000,WS,BNB,301.4,0.54,1.62,488,0,2022-08-26 07:26:29
2022-08-26 07:26:29,sync,CANCELED,12886936778830480000,WS,BNB,301.37,0.0,1.08,325,0,2022-08-26 07:26:29
2022-08-26 07:26:29,sync,FULL_FILLED,3239142672426280000,WS,BNB,301.41,1.08,1.08,326,0,2022-08-26 07:26:29
2022-08-26 07:26:32,close,CANCELED,13548335840748590000,WS,BNB,301.4,0.0,2.65,800,3,2022-08-26 07:26:29
2022-08-26 07:26:32,close,CANCELED,10277892468011272000,WS,BNB,301.56,-0.96,-2.6,-800,3,2022-08-26 07:26:29
2022-08-26 07:26:32,sync,CANCELED,3437164017764674600,WS,BNB,301.41,0.53,0.96,289,0,2022-08-26 07:26:32
2022-08-26 07:26:32,sync,FULL_FILLED,12092579085511506000,WS,BNB,301.42,0.43,0.43,130,0,2022-08-26 07:26:32
2022-08-26 07:26:32,close,CANCELED,10943268379633566000,WS,BNB,301.56,0.0,-2.6,-800,0,2022-08-26 07:26:32
2022-08-26 07:26:32,close,CANCELED,13285154651783592000,WS,BNB,301.57,0.0,-2.6,-800,0,2022-08-26 07:26:32
2022-08-26 07:26:32,close,CANCELED,11525560785686555000,WS,BNB,301.56,0.0,-2.6,-800,0,2022-08-26 07:26:32
2022-08-26 07:26:32,close,CANCELED,15289798595312930000,WS,BNB,301.57,0.0,-2.6,-800,0,2022-08-26 07:26:32
2022-08-26 07:26:33,close,CANCELED,8041237681652348000,WS,BNB,301.56,0.0,-2.6,-800,1,2022-08-26 07:26:32
2022-08-26 07:26:33,close,CANCELED,1268277441272893700,WS,BNB,301.55,0.0,-2.6,-800,1,2022-08-26 07:26:32
2022-08-26 07:26:33,close,CANCELED,16225649132620153000,WS,BNB,301.54,0.0,-2.6,-800,0,2022-08-26 07:26:33
2022-08-26 07:26:34,close,CANCELED,13564611398634805000,WS,BNB,301.53,0.0,-2.6,-800,1,2022-08-26 07:26:33
2022-08-26 07:26:34,close,CANCELED,5715339010503144000,WS,BNB,301.41,0.0,2.65,800,1,2022-08-26 07:26:33
2022-08-26 07:26:41,close,CANCELED,2580801082631712000,WS,BNB,301.53,-0.4,-2.6,-800,7,2022-08-26 07:26:34
2022-08-26 07:26:41,close,CANCELED,9262415017719771000,WS,BNB,301.41,0.0,2.65,800,7,2022-08-26 07:26:34
2022-08-26 07:26:42,sync,FULL_FILLED,6429656077941247000,WS,BNB,301.42,0.4,0.4,121,0,2022-08-26 07:26:42
2022-08-26 07:26:42,close,CANCELED,5659778466906312000,WS,BNB,301.55,0.0,-2.6,-800,0,2022-08-26 07:26:42
2022-08-26 07:26:42,close,CANCELED,8521414415102890000,WS,BNB,301.57,0.0,-2.6,-800,0,2022-08-26 07:26:42
2022-08-26 07:26:43,close,FULL_FILLED,283197698977170560,WS,BNB,301.41,2.65,2.65,800,1,2022-08-26 07:26:42
2022-08-26 07:26:43,close,CANCELED,10970033538527044000,WS,BNB,301.55,0.0,-2.6,-800,1,2022-08-26 07:26:42
2022-08-26 07:26:43,sync,CANCELED,7386514921619633000,WS,BNB,301.54,0.0,-2.6,-799,0,2022-08-26 07:26:43
2022-08-26 07:26:50,close,FULL_FILLED,1509241749330312400,WS,BNB,301.5,-2.6,-2.6,-799,7,2022-08-26 07:26:43
2022-08-26 07:26:50,close,CANCELED,7642771990128700000,WS,BNB,301.51,0.0,-2.6,-800,0,2022-08-26 07:26:50
2022-08-26 07:26:50,close,CANCELED,1042587235068791300,WS,BNB,301.53,0.0,-2.6,-800,0,2022-08-26 07:26:50
2022-08-26 07:26:51,close,CANCELED,17630856143172390000,WS,BNB,301.53,0.0,-2.6,-800,1,2022-08-26 07:26:50
2022-08-26 07:26:51,close,CANCELED,8456095112041571000,WS,BNB,301.55,0.0,-2.6,-800,1,2022-08-26 07:26:50
2022-08-26 07:26:52,close,CANCELED,6840708658422814000,WS,BNB,301.55,-0.8,-2.6,-800,1,2022-08-26 07:26:51
2022-08-26 07:26:54,close,CANCELED,11864157512118491000,WS,BNB,301.39,0.0,2.65,800,3,2022-08-26 07:26:51
2022-08-26 07:26:54,close,CANCELED,7124184302979368000,WS,BNB,301.42,0.0,0.8,241,0,2022-08-26 07:26:54
2022-08-26 07:26:58,close,CANCELED,9948984791016840000,WS,BNB,301.43,0.0,0.8,241,4,2022-08-26 07:26:54
2022-08-26 07:26:58,sync,FULL_FILLED,3027998515618145300,WS,BNB,301.44,0.8,0.8,241,0,2022-08-26 07:26:58
2022-08-26 07:26:58,close,CANCELED,14383347886800871000,WS,BNB,301.59,0.0,-2.6,-800,0,2022-08-26 07:26:58
2022-08-26 07:26:58,close,CANCELED,10437997108655280000,WS,BNB,301.58,0.0,-2.6,-800,0,2022-08-26 07:26:58
2022-08-26 07:26:58,close,CANCELED,16792272839706501000,WS,BNB,301.57,0.0,-2.6,-800,0,2022-08-26 07:26:58
2022-08-26 07:26:58,close,CANCELED,7505819283289942000,WS,BNB,301.43,0.0,2.65,800,0,2022-08-26 07:26:58
2022-08-26 07:26:58,close,CANCELED,14408116143904119000,WS,BNB,301.56,0.0,-2.6,-800,0,2022-08-26 07:26:58
2022-08-26 07:26:58,close,CANCELED,8973907853915705000,WS,BNB,301.43,0.0,2.65,800,0,2022-08-26 07:26:58
2022-08-26 07:26:58,close,CANCELED,145664379879468960,WS,BNB,301.56,0.0,-2.6,-800,0,2022-08-26 07:26:58
2022-08-26 07:27:01,close,CANCELED,3173211390514737700,WS,BNB,301.52,0.0,-2.6,-800,0,2022-08-26 07:27:01
2022-08-26 07:27:01,close,CANCELED,880527621721076200,WS,BNB,301.4,0.0,2.65,800,0,2022-08-26 07:27:01
2022-08-26 07:27:01,close,CANCELED,10490580919872320000,WS,BNB,301.52,0.0,-2.6,-800,0,2022-08-26 07:27:01
2022-08-26 07:27:01,close,CANCELED,11698832126997903000,WS,BNB,301.4,0.0,2.65,800,0,2022-08-26 07:27:01
2022-08-26 07:27:01,close,CANCELED,14539319501836085000,WS,BNB,301.51,0.0,-2.6,-800,0,2022-08-26 07:27:01
2022-08-26 07:27:01,close,CANCELED,13431323186027900000,WS,BNB,301.4,0.0,2.65,800,0,2022-08-26 07:27:01
2022-08-26 07:27:02,close,CANCELED,4435238575659820000,WS,BNB,301.54,0.0,-2.6,-800,0,2022-08-26 07:27:02
2022-08-26 07:27:09,close,CANCELED,17133909797100460000,WS,BNB,301.53,-0.52,-2.6,-800,7,2022-08-26 07:27:02
2022-08-26 07:27:10,close,CANCELED,7061223914558395000,WS,BNB,301.4,0.0,2.65,800,8,2022-08-26 07:27:02
2022-08-26 07:27:10,sync,FULL_FILLED,15809097511270736000,WS,BNB,301.41,0.52,0.52,157,0,2022-08-26 07:27:10
2022-08-26 07:27:10,close,CANCELED,3841388531613891000,WS,BNB,301.4,0.0,2.65,800,0,2022-08-26 07:27:10
2022-08-26 07:27:10,close,CANCELED,5122940015043740000,WS,BNB,301.57,-2.3,-2.6,-800,0,2022-08-26 07:27:10
2022-08-26 07:27:10,sync,CANCELED,9107238077635659000,WS,BNB,301.41,0.51,2.29,690,0,2022-08-26 07:27:10
2022-08-26 07:27:10,sync,CANCELED,15669953776995523000,WS,BNB,301.44,0.49,1.78,537,0,2022-08-26 07:27:10
2022-08-26 07:27:10,sync,FULL_FILLED,2011853848429929200,WS,BNB,301.45,1.29,1.29,389,0,2022-08-26 07:27:10
2022-08-26 07:27:12,close,CANCELED,18060501791813888000,WS,BNB,301.58,0.0,-2.6,-800,2,2022-08-26 07:27:10
2022-08-26 07:27:15,close,CANCELED,20196869118556496,WS,BNB,301.57,0.0,-2.6,-800,5,2022-08-26 07:27:10
2022-08-26 07:27:15,close,CANCELED,15119815082726337000,WS,BNB,301.44,0.0,2.65,800,3,2022-08-26 07:27:12
2022-08-26 07:27:15,close,CANCELED,4780694543206117000,WS,BNB,301.44,0.0,2.65,800,0,2022-08-26 07:27:15
2022-08-26 07:27:15,close,CANCELED,10176377712576946000,WS,BNB,301.55,0.0,-2.6,-800,0,2022-08-26 07:27:15
2022-08-26 07:27:26,close,CANCELED,7474716080185680000,WS,BNB,301.56,0.0,-2.6,-800,0,2022-08-26 07:27:26
2022-08-26 07:27:26,close,CANCELED,11919033419706036000,WS,BNB,301.56,0.0,-2.6,-800,0,2022-08-26 07:27:26
2022-08-26 07:27:26,close,CANCELED,1917798602218862800,WS,BNB,301.56,0.0,-2.6,-800,0,2022-08-26 07:27:26
2022-08-26 07:27:26,close,CANCELED,6909113389425701000,WS,BNB,301.58,0.0,-2.6,-800,0,2022-08-26 07:27:26
2022-08-26 07:27:26,close,CANCELED,6902214887618419000,WS,BNB,301.57,0.0,-2.6,-800,0,2022-08-26 07:27:26
2022-08-26 07:27:26,close,CANCELED,10367638132245623000,WS,BNB,301.44,0.0,2.65,800,0,2022-08-26 07:27:26
2022-08-26 07:27:26,close,CANCELED,9434325904597496000,WS,BNB,301.56,0.0,-2.6,-800,0,2022-08-26 07:27:26
2022-08-26 07:27:26,close,CANCELED,2951792363162350600,WS,BNB,301.44,0.0,2.65,800,0,2022-08-26 07:27:26
2022-08-26 07:27:59,close,CANCELED,2277980992259675600,WS,BNB,301.44,0.0,2.65,800,3,2022-08-26 07:27:56
2022-08-26 07:27:59,close,CANCELED,14805764722262827000,WS,BNB,301.58,0.0,-2.6,-800,3,2022-08-26 07:27:56
2022-08-26 07:27:59,close,FULL_FILLED,16172516754514719000,WS,BNB,301.44,2.65,2.65,800,0,2022-08-26 07:27:59
2022-08-26 07:27:59,close,CANCELED,255083382220292030,WS,BNB,301.57,0.0,-2.6,-800,0,2022-08-26 07:27:59
2022-08-26 07:27:59,close,CANCELED,971601810212808700,WS,BNB,301.51,0.0,-2.6,-799,0,2022-08-26 07:27:59
2022-08-26 07:28:07,close,CANCELED,18212662144576745000,WS,BNB,301.51,0.0,-2.6,-799,8,2022-08-26 07:27:59
2022-08-26 07:28:07,close,CANCELED,10539897298769350000,WS,BNB,301.47,0.0,-2.6,-799,0,2022-08-26 07:28:07
2022-08-26 07:28:07,close,CANCELED,16141439288966910000,WS,BNB,301.49,0.0,-2.6,-799,0,2022-08-26 07:28:07
2022-08-26 07:28:08,close,CANCELED,11955627611344708000,WS,BNB,301.46,0.0,-2.6,-799,1,2022-08-26 07:28:07
2022-08-26 07:28:08,close,CANCELED,2727945565222884400,WS,BNB,301.45,0.0,-2.6,-799,0,2022-08-26 07:28:08
2022-08-26 07:28:08,close,CANCELED,14225901964604062000,WS,BNB,301.44,0.0,-2.6,-799,0,2022-08-26 07:28:08
2022-08-26 07:28:08,close,CANCELED,9697027892126670000,WS,BNB,301.45,0.0,-2.6,-799,0,2022-08-26 07:28:08
2022-08-26 07:28:14,close,CANCELED,17533573341107251000,WS,BNB,301.44,0.0,-2.6,-799,6,2022-08-26 07:28:08
2022-08-26 07:28:15,close,CANCELED,17797961216046500000,WS,BNB,301.4,0.0,-2.6,-799,1,2022-08-26 07:28:14
2022-08-26 07:28:15,close,CANCELED,8192280899385173000,WS,BNB,301.37,0.0,-2.6,-799,0,2022-08-26 07:28:15
2022-08-26 07:28:15,close,CANCELED,15195376245203081000,WS,BNB,301.37,0.0,-2.6,-799,0,2022-08-26 07:28:15
2022-08-26 07:28:15,close,CANCELED,16413286870045284000,WS,BNB,301.4,0.0,-2.6,-799,0,2022-08-26 07:28:15
2022-08-26 07:28:15,close,FULL_FILLED,7808800009540754000,WS,BNB,301.41,-2.6,-2.6,-799,0,2022-08-26 07:28:15
2022-08-26 07:28:15,close,CANCELED,619920965050687400,WS,BNB,301.41,0.0,-2.6,-800,0,2022-08-26 07:28:15
2022-08-26 07:28:15,close,CANCELED,15531452069945383000,WS,BNB,301.41,0.0,-2.6,-800,0,2022-08-26 07:28:15
2022-08-26 07:28:15,close,CANCELED,10708921890884067000,WS,BNB,301.41,0.0,-2.6,-800,0,2022-08-26 07:28:15
2022-08-26 07:28:15,close,CANCELED,6308199213694421000,WS,BNB,301.41,0.0,-2.6,-800,0,2022-08-26 07:28:15
2022-08-26 07:28:15,close,CANCELED,2256620056658109000,WS,BNB,301.41,0.0,-2.6,-800,0,2022-08-26 07:28:15
2022-08-26 07:28:15,close,CANCELED,12879677507206578000,WS,BNB,301.41,0.0,-2.6,-800,0,2022-08-26 07:28:15
2022-08-26 07:28:15,close,CANCELED,4552412760407202000,WS,BNB,301.45,0.0,-2.6,-800,0,2022-08-26 07:28:15
2022-08-26 07:28:15,close,CANCELED,9285975326117587000,WS,BNB,301.45,0.0,-2.6,-800,0,2022-08-26 07:28:15
2022-08-26 07:28:16,close,CANCELED,12172212864703255000,WS,BNB,301.46,0.0,-2.6,-800,1,2022-08-26 07:28:15
2022-08-26 07:28:20,close,CANCELED,7666405895265103000,WS,BNB,301.46,-0.49,-2.6,-800,5,2022-08-26 07:28:15
2022-08-26 07:28:22,close,CANCELED,17349863657198449000,WS,BNB,301.28,0.0,2.66,800,6,2022-08-26 07:28:16
2022-08-26 07:28:22,sync,FULL_FILLED,393002001376424800,WS,BNB,301.29,0.49,0.49,148,0,2022-08-26 07:28:22
2022-08-26 07:28:30,close,CANCELED,11913808079674175000,WS,BNB,301.28,0.0,2.66,800,8,2022-08-26 07:28:22
2022-08-26 07:28:30,close,CANCELED,14992165681200030000,WS,BNB,301.46,-2.5,-2.6,-800,8,2022-08-26 07:28:22
2022-08-26 07:28:30,sync,FULL_FILLED,13754428881779278000,WS,BNB,301.29,2.47,2.47,744,0,2022-08-26 07:28:30
2022-08-26 07:28:31,close,CANCELED,8983306645381926000,WS,BNB,301.46,0.0,-2.6,-800,1,2022-08-26 07:28:30
2022-08-26 07:28:31,close,CANCELED,12781862620737763000,WS,BNB,301.43,0.0,-2.6,-800,1,2022-08-26 07:28:30
2022-08-26 07:28:32,close,CANCELED,17827535724311150000,WS,BNB,301.42,0.0,-2.6,-800,1,2022-08-26 07:28:31
2022-08-26 07:28:43,close,CANCELED,1422254150180082400,WS,BNB,301.41,-0.15,-2.6,-800,12,2022-08-26 07:28:31
2022-08-26 07:28:43,close,CANCELED,3078042251278603300,WS,BNB,301.28,0.0,2.66,800,11,2022-08-26 07:28:32
2022-08-26 07:28:43,close,CANCELED,7619612823162931000,WS,BNB,301.4,0.0,-2.6,-800,0,2022-08-26 07:28:43
2022-08-26 07:28:43,close,CANCELED,2038474487616049200,WS,BNB,301.28,0.0,2.66,800,0,2022-08-26 07:28:43
2022-08-26 07:28:49,close,CANCELED,16815975553169582000,WS,BNB,301.44,0.0,-2.6,-800,3,2022-08-26 07:28:46
2022-08-26 07:28:49,close,CANCELED,616507868914747100,WS,BNB,301.41,0.0,-2.6,-800,3,2022-08-26 07:28:46
2022-08-26 07:28:49,close,CANCELED,11275920878986010000,WS,BNB,301.28,0.0,2.66,800,0,2022-08-26 07:28:49
2022-08-26 07:28:49,close,CANCELED,15648093249940693000,WS,BNB,301.28,0.0,2.66,800,0,2022-08-26 07:28:49
2022-08-26 07:28:49,close,CANCELED,12070738666433262000,WS,BNB,301.4,0.0,-2.6,-800,0,2022-08-26 07:28:49
2022-08-26 07:28:55,close,CANCELED,3800862431932639000,WS,BNB,301.41,0.0,-2.6,-800,0,2022-08-26 07:28:55
2022-08-26 07:28:55,close,CANCELED,16559111478786610000,WS,BNB,301.42,0.0,-2.6,-800,0,2022-08-26 07:28:55
2022-08-26 07:28:56,close,CANCELED,8033373948100896000,WS,BNB,301.44,0.0,-2.6,-800,1,2022-08-26 07:28:55
2022-08-26 07:28:56,close,CANCELED,17209427330881319000,WS,BNB,301.42,0.0,-2.6,-800,1,2022-08-26 07:28:55
2022-08-26 07:28:56,close,CANCELED,12380313028586736000,WS,BNB,301.4,0.0,-2.6,-800,0,2022-08-26 07:28:56
2022-08-26 07:28:56,close,CANCELED,3232227771832698400,WS,BNB,301.28,0.0,2.66,800,0,2022-08-26 07:28:56
2022-08-26 07:28:56,close,CANCELED,17872600323281906000,WS,BNB,301.4,0.0,-2.6,-800,0,2022-08-26 07:28:56
2022-08-26 07:29:24,close,FULL_FILLED,7164967571587142000,WS,BNB,301.44,-2.6,-2.6,-800,4,2022-08-26 07:29:20
2022-08-26 07:29:24,close,CANCELED,4302338665299709000,WS,BNB,301.28,0.0,2.66,800,4,2022-08-26 07:29:20
2022-08-26 07:29:25,close,CANCELED,10692248685630430000,WS,BNB,301.33,0.0,2.8,844,1,2022-08-26 07:29:24
2022-08-26 07:29:25,close,CANCELED,14457029638928538000,WS,BNB,301.35,0.0,2.8,844,0,2022-08-26 07:29:25
2022-08-26 07:29:26,close,CANCELED,2450134922156039000,WS,BNB,301.35,0.0,2.8,844,1,2022-08-26 07:29:25
2022-08-26 07:29:28,close,CANCELED,6657255525842626000,WS,BNB,301.37,0.0,2.8,844,2,2022-08-26 07:29:26
2022-08-26 07:29:28,close,CANCELED,2726232381435238400,WS,BNB,301.39,0.0,2.8,844,0,2022-08-26 07:29:28
2022-08-26 07:29:28,close,CANCELED,16200981225005326000,WS,BNB,301.38,0.0,2.8,844,0,2022-08-26 07:29:28
2022-08-26 07:29:29,close,CANCELED,4267571778121779700,WS,BNB,301.39,0.0,2.8,844,1,2022-08-26 07:29:28
2022-08-26 07:29:29,sync,CANCELED,9636151344509446000,WS,BNB,301.4,0.01,2.8,844,0,2022-08-26 07:29:29
2022-08-26 07:29:29,sync,FULL_FILLED,2826858463201554000,WS,BNB,301.44,2.79,2.79,841,0,2022-08-26 07:29:29
2022-08-26 07:29:29,close,CANCELED,8689055349693421000,WS,BNB,301.4,0.0,2.65,800,0,2022-08-26 07:29:29
2022-08-26 07:29:30,close,CANCELED,18395733142457700000,WS,BNB,301.6,0.0,-2.6,-800,1,2022-08-26 07:29:29
2022-08-26 07:29:30,close,CANCELED,7589012934364144000,WS,BNB,301.58,0.0,-2.6,-800,1,2022-08-26 07:29:29
2022-08-26 07:29:31,close,CANCELED,15772059113016060000,WS,BNB,301.43,0.0,2.65,800,1,2022-08-26 07:29:30
2022-08-26 07:29:31,close,CANCELED,13079509859894424000,WS,BNB,301.57,0.0,-2.6,-800,1,2022-08-26 07:29:30
2022-08-26 07:29:31,close,CANCELED,8863192096398387000,WS,BNB,301.55,0.0,-2.6,-800,0,2022-08-26 07:29:31
2022-08-26 07:29:31,close,CANCELED,2508803853204324400,WS,BNB,301.43,0.0,2.65,800,0,2022-08-26 07:29:31
2022-08-26 07:29:31,close,CANCELED,5806363624571876000,WS,BNB,301.53,0.0,-2.6,-800,0,2022-08-26 07:29:31
2022-08-26 07:29:31,close,CANCELED,2718749803643721700,WS,BNB,301.4,0.0,2.65,800,0,2022-08-26 07:29:31
2022-08-26 07:29:32,close,CANCELED,10601031279156232000,WS,BNB,301.53,0.0,-2.6,-800,1,2022-08-26 07:29:31
2022-08-26 07:29:32,close,CANCELED,1921293813736406500,WS,BNB,301.4,0.0,2.65,800,1,2022-08-26 07:29:31
2022-08-26 07:29:32,close,CANCELED,9921744652604703000,WS,BNB,301.4,0.0,2.65,800,0,2022-08-26 07:29:32
2022-08-26 07:29:32,close,CANCELED,2495746035526136000,WS,BNB,301.52,0.0,-2.6,-800,0,2022-08-26 07:29:32
2022-08-26 07:29:38,close,CANCELED,515666157321222600,WS,BNB,301.35,0.0,2.65,800,0,2022-08-26 07:29:38
2022-08-26 07:29:38,close,CANCELED,14653658638497040000,WS,BNB,301.48,0.0,-2.6,-800,0,2022-08-26 07:29:38
2022-08-26 07:29:42,close,CANCELED,1285851355857150500,WS,BNB,301.45,0.0,-2.6,-800,0,2022-08-26 07:29:42
2022-08-26 07:29:42,close,CANCELED,14722340641848840000,WS,BNB,301.45,0.0,-2.6,-800,0,2022-08-26 07:29:42
2022-08-26 07:29:42,close,CANCELED,7975058943807971000,WS,BNB,301.45,0.0,-2.6,-800,0,2022-08-26 07:29:42
2022-08-26 07:29:43,close,FULL_FILLED,15916776537628617000,WS,BNB,301.47,-2.6,-2.6,-800,1,2022-08-26 07:29:42
2022-08-26 07:29:46,close,CANCELED,9166506493835073000,WS,BNB,301.33,0.0,2.65,800,4,2022-08-26 07:29:42
2022-08-26 07:29:46,close,CANCELED,10984147197879330000,WS,BNB,301.35,0.0,2.65,799,0,2022-08-26 07:29:46
2022-08-26 07:29:58,close,CANCELED,7879263918349877000,WS,BNB,301.36,0.0,2.65,799,12,2022-08-26 07:29:46
2022-08-26 07:29:58,sync,FULL_FILLED,4005213098786813400,WS,BNB,301.37,2.65,2.65,799,0,2022-08-26 07:29:58
2022-08-26 07:30:03,close,CANCELED,13133090152776264000,WS,BNB,301.51,0.0,-2.6,-800,5,2022-08-26 07:29:58
2022-08-26 07:30:03,close,CANCELED,18311022953918028000,WS,BNB,301.36,0.0,2.65,800,5,2022-08-26 07:29:58
2022-08-26 07:34:11,close,CANCELED,12077568655965813000,WS,BTC,21590.0,0.011,0.037,800,3,2022-08-26 07:34:08
2022-08-26 07:34:54,close,CANCELED,14684442950125447000,WS,BTC,21593.1,0.0,-0.037,-800,46,2022-08-26 07:34:08
2022-08-26 07:35:55,close,CANCELED,14082408969061330000,WS,BTC,21593.0,0.0,-0.011,-237,61,2022-08-26 07:34:54
2022-08-26 07:35:56,close,CANCELED,5843576942756574000,WS,BTC,21591.4,0.0,-0.011,-237,1,2022-08-26 07:35:55
2022-08-26 07:35:56,close,CANCELED,499489334831863600,WS,BTC,21590.1,0.0,-0.011,-237,0,2022-08-26 07:35:56
2022-08-26 07:35:57,close,CANCELED,1671989177995545600,WS,BTC,21589.4,0.0,-0.011,-237,1,2022-08-26 07:35:56
2022-08-26 07:35:57,close,CANCELED,9306630853370896000,WS,BTC,21588.9,0.0,-0.011,-237,0,2022-08-26 07:35:57
2022-08-26 07:35:57,close,CANCELED,1979483964001350400,WS,BTC,21587.5,0.0,-0.011,-237,0,2022-08-26 07:35:57
2022-08-26 07:35:57,close,CANCELED,8038238877571814000,WS,BTC,21586.6,0.0,-0.011,-237,0,2022-08-26 07:35:57
2022-08-26 07:35:57,close,CANCELED,12574936142687074000,WS,BTC,21586.8,0.0,-0.011,-237,0,2022-08-26 07:35:57
2022-08-26 07:35:59,close,CANCELED,2831049243525106000,WS,BTC,21586.6,0.0,-0.011,-237,2,2022-08-26 07:35:57
2022-08-26 07:35:59,close,CANCELED,9234705971724587000,WS,BTC,21585.3,0.0,-0.011,-237,0,2022-08-26 07:35:59
2022-08-26 07:35:59,close,CANCELED,17211065741294475000,WS,BTC,21582.9,0.0,-0.011,-237,0,2022-08-26 07:35:59
2022-08-26 07:35:59,close,CANCELED,10226468772174629000,WS,BTC,21582.7,0.0,-0.011,-237,0,2022-08-26 07:35:59
2022-08-26 07:36:37,close,CANCELED,10914011564958163000,WS,BTC,21581.9,0.0,-0.011,-237,38,2022-08-26 07:35:59
2022-08-26 07:36:37,close,CANCELED,17648224363627320000,WS,BTC,21580.2,0.0,-0.011,-237,0,2022-08-26 07:36:37
2022-08-26 07:36:37,close,CANCELED,16805874862098030000,WS,BTC,21579.0,0.0,-0.011,-237,0,2022-08-26 07:36:37
2022-08-26 07:37:02,close,FULL_FILLED,916415769437226900,WS,BTC,21578.4,-0.011,-0.011,-237,25,2022-08-26 07:36:37
2022-08-26 07:38:28,close,CANCELED,16599547567076508000,WS,BTC,21571.5,0.019,0.037,800,1,2022-08-26 07:38:27
2022-08-26 07:38:29,close,CANCELED,9218987448644200000,WS,BTC,21576.5,0.0,-0.037,-800,2,2022-08-26 07:38:27
2022-08-26 07:38:30,close,CANCELED,9519994658586073000,WS,BTC,21576.5,0.0,-0.019,-410,1,2022-08-26 07:38:29
2022-08-26 07:38:30,close,CANCELED,851979827775240600,WS,BTC,21574.5,0.0,-0.019,-410,0,2022-08-26 07:38:30
2022-08-26 07:38:30,close,CANCELED,16664599279585135000,WS,BTC,21573.6,0.0,-0.019,-410,0,2022-08-26 07:38:30
2022-08-26 07:38:30,close,CANCELED,7816490455420194000,WS,BTC,21572.9,0.0,-0.019,-410,0,2022-08-26 07:38:30
2022-08-26 07:38:38,close,CANCELED,10095897949627330000,WS,BTC,21571.9,0.0,-0.019,-410,8,2022-08-26 07:38:30
2022-08-26 07:38:38,close,CANCELED,18355673393767567000,WS,BTC,21571.7,0.0,-0.019,-410,0,2022-08-26 07:38:38
2022-08-26 07:38:38,close,CANCELED,2862094061712893000,WS,BTC,21571.8,0.0,-0.019,-410,0,2022-08-26 07:38:38
2022-08-26 07:38:57,close,FULL_FILLED,8235313181989619000,WS,BTC,21571.7,-0.019,-0.019,-410,19,2022-08-26 07:38:38
2022-08-26 07:40:10,close,CANCELED,17094069928611869000,WS,BTC,21563.7,0.0,0.037,800,2,2022-08-26 07:40:08
2022-08-26 07:40:11,close,CANCELED,10113964340372767000,WS,BTC,21564.1,0.0,0.037,800,3,2022-08-26 07:40:08
2022-08-26 07:40:11,close,CANCELED,7521210977793419000,WS,BTC,21564.3,0.0,0.037,800,1,2022-08-26 07:40:10
2022-08-26 07:40:14,close,FULL_FILLED,4910865889877563000,WS,BTC,21564.9,0.037,0.037,800,3,2022-08-26 07:40:11
2022-08-26 07:40:14,close,CANCELED,11928416665003092000,WS,BTC,21568.1,0.0,-0.037,-800,3,2022-08-26 07:40:11
2022-08-26 07:40:14,close,CANCELED,10570259539580828000,WS,BTC,21567.7,0.0,-0.037,-798,0,2022-08-26 07:40:14
2022-08-26 07:40:52,close,FULL_FILLED,17508606600853320000,WS,BTC,21565.0,-0.037,-0.037,-798,38,2022-08-26 07:40:14
2022-08-26 07:41:30,close,CANCELED,13463089044719410000,WS,BTC,21566.5,0.0,0.037,800,21,2022-08-26 07:41:09
2022-08-26 07:41:30,close,CANCELED,14878869934108273000,WS,BTC,21569.4,0.0,-0.037,-800,21,2022-08-26 07:41:09
2022-08-26 07:41:30,close,CANCELED,14039947756881144000,WS,BTC,21566.5,0.0,0.037,800,0,2022-08-26 07:41:30
2022-08-26 07:41:30,close,CANCELED,5339311595323001000,WS,BTC,21569.3,0.0,-0.037,-800,0,2022-08-26 07:41:30
2022-08-26 07:44:52,open,FULL_FILLED,4260177513379757000,WS,ETH,1691.43,0.473,0.473,800,0,2022-08-26 07:44:52
2022-08-26 07:44:52,open,CANCELED,1063230869017050900,WS,ETH,1691.94,0.0,-0.47,-800,0,2022-08-26 07:44:52
2022-08-26 07:44:52,sync,CANCELED,16001459853800675000,WS,ETH,1691.93,-0.003,-0.47,-800,0,2022-08-26 07:44:52
2022-08-26 07:44:52,sync,CANCELED,15272234544607146000,WS,ETH,1691.91,-0.016,-0.47,-795,0,2022-08-26 07:44:52
2022-08-26 07:44:52,sync,CANCELED,428594755317251500,WS,ETH,1691.93,0.0,-0.45,-768,0,2022-08-26 07:44:52
2022-08-26 07:44:52,sync,FULL_FILLED,15018004872181535000,WS,ETH,1691.9,-0.45,-0.45,-768,0,2022-08-26 07:44:52
2022-08-26 07:44:52,open,CANCELED,8291666438256923000,WS,ETH,1691.91,0.0,-0.47,-800,0,2022-08-26 07:44:52
2022-08-26 07:44:52,open,CANCELED,2593093950363464700,WS,ETH,1691.42,0.0,0.473,800,0,2022-08-26 07:44:52
2022-08-26 07:44:52,open,CANCELED,11285623456224045000,WS,ETH,1691.43,0.0,0.473,800,0,2022-08-26 07:44:52
2022-08-26 07:44:53,open,CANCELED,8233541058223090000,WS,ETH,1691.89,0.0,-0.47,-800,1,2022-08-26 07:44:52
2022-08-26 07:44:53,open,CANCELED,16777508267783952000,WS,ETH,1691.9,0.0,-0.47,-800,1,2022-08-26 07:44:52
2022-08-26 07:44:53,open,FULL_FILLED,822300782058524200,WS,ETH,1691.42,0.473,0.473,800,0,2022-08-26 07:44:53
2022-08-26 07:44:53,open,CANCELED,11537637878519618000,WS,ETH,1691.89,0.0,-0.47,-800,0,2022-08-26 07:44:53
2022-08-26 07:44:53,sync,FULL_FILLED,17980654806217116000,WS,ETH,1691.88,-0.47,-0.47,-800,0,2022-08-26 07:44:53
2022-08-26 07:44:54,open,CANCELED,4706379593592178000,WS,ETH,1691.42,0.283,0.473,800,1,2022-08-26 07:44:53
2022-08-26 07:44:54,open,CANCELED,1052933319170397000,WS,ETH,1691.89,0.0,-0.47,-800,1,2022-08-26 07:44:53
2022-08-26 07:44:54,sync,FULL_FILLED,4847802442434551000,WS,ETH,1691.88,-0.28,-0.28,-479,0,2022-08-26 07:44:54
2022-08-26 07:44:54,open,FULL_FILLED,16170309403240266000,WS,ETH,1691.42,0.473,0.473,800,0,2022-08-26 07:44:54
2022-08-26 07:44:54,open,CANCELED,4811807284798410000,WS,ETH,1691.89,0.0,-0.47,-800,0,2022-08-26 07:44:54
2022-08-26 07:44:54,sync,FULL_FILLED,10985024823592140000,WS,ETH,1691.88,-0.47,-0.47,-800,0,2022-08-26 07:44:54
2022-08-26 07:44:54,open,CANCELED,8918709838836398000,WS,ETH,1691.42,0.0,0.473,800,0,2022-08-26 07:44:54
2022-08-26 07:44:57,open,CANCELED,4732665656635287000,WS,ETH,1691.4,0.0,0.473,800,3,2022-08-26 07:44:54
2022-08-26 07:44:57,open,CANCELED,10676556213593768000,WS,ETH,1691.41,0.0,0.473,800,3,2022-08-26 07:44:54
2022-08-26 07:44:57,open,CANCELED,10507849092739922000,WS,ETH,1691.89,0.0,-0.47,-800,0,2022-08-26 07:44:57
2022-08-26 07:44:59,open,CANCELED,14859221387524037000,WS,ETH,1691.51,0.0,0.473,800,0,2022-08-26 07:44:59
2022-08-26 07:44:59,open,CANCELED,3652785666768476700,WS,ETH,1691.94,0.0,-0.47,-800,0,2022-08-26 07:44:59
2022-08-26 07:47:04,close,CANCELED,4848116659417263000,WS,FTT,27.958,0.0,28.6,800,1,2022-08-26 07:47:03
2022-08-26 07:47:05,close,CANCELED,13591128711620198000,WS,FTT,27.962,0.0,-29.0,-800,2,2022-08-26 07:47:03
2022-08-26 07:47:05,close,CANCELED,6653932457041997000,WS,FTT,27.964,0.0,-29.0,-800,0,2022-08-26 07:47:05
2022-08-26 07:47:05,close,CANCELED,11235584437543782000,WS,FTT,27.964,0.0,-29.0,-800,0,2022-08-26 07:47:05
2022-08-26 07:47:07,close,CANCELED,14588745096235370000,WS,FTT,27.965,0.0,-29.0,-800,2,2022-08-26 07:47:05
2022-08-26 07:47:07,close,CANCELED,2747748422566405000,WS,FTT,27.962,0.0,28.6,800,2,2022-08-26 07:47:05
2022-08-26 07:47:07,close,CANCELED,14388197476756134000,WS,FTT,27.964,0.0,-29.0,-800,0,2022-08-26 07:47:07
2022-08-26 07:47:07,close,CANCELED,8676513864771764000,WS,FTT,27.962,0.0,28.6,800,0,2022-08-26 07:47:07
2022-08-26 07:48:51,close,FULL_FILLED,14668019503573422000,WS,BTC,21602.9,0.037,0.037,800,14,2022-08-26 07:48:37
2022-08-26 07:49:19,close,CANCELED,15947614157160081000,WS,BTC,21606.3,0.0,-0.037,-800,42,2022-08-26 07:48:37
2022-08-26 07:49:30,close,CANCELED,6672655874935124000,WS,FTT,27.963,0.0,28.6,800,11,2022-08-26 07:49:19
2022-08-26 07:49:31,close,CANCELED,11025763934737060000,WS,FTT,27.964,0.0,28.6,800,3,2022-08-26 07:49:28
2022-08-26 07:49:31,close,CANCELED,14484355267922635000,WS,BTC,21604.2,0.0,-0.037,-799,3,2022-08-26 07:49:28
2022-08-26 07:49:40,close,CANCELED,7259521115280940000,WS,BTC,21604.1,0.0,-0.037,-799,10,2022-08-26 07:49:30
2022-08-26 07:49:40,sync,FULL_FILLED,3225313472713191000,WS,BTC,21604.0,-0.037,-0.037,-799,9,2022-08-26 07:49:31
2022-08-26 07:49:43,close,CANCELED,2219703351660803600,WS,BTC,21604.1,0.0,-0.037,-800,12,2022-08-26 07:49:31
2022-08-26 07:49:43,close,CANCELED,4770028543734673000,WS,BTC,21602.1,0.0,-0.037,-800,3,2022-08-26 07:49:40
2022-08-26 07:49:44,close,CANCELED,3971480756351997000,WS,BTC,21597.4,0.0,0.037,800,4,2022-08-26 07:49:40
2022-08-26 07:49:44,close,FULL_FILLED,16153684671032885000,WS,FTT,27.967,-29.0,-29.0,-800,4,2022-08-26 07:49:40
2022-08-26 07:49:44,close,CANCELED,359089262289781900,WS,BTC,21602.1,0.0,-0.037,-800,1,2022-08-26 07:49:43
2022-08-26 07:49:44,close,CANCELED,642974838346620300,WS,FTT,27.965,2.5,28.6,800,1,2022-08-26 07:49:43
2022-08-26 07:49:44,close,CANCELED,5084491767696183000,WS,FTT,27.968,0.0,26.1,730,0,2022-08-26 07:49:44
2022-08-26 07:49:45,close,CANCELED,17542455370633202000,WS,FTT,27.979,0.0,26.1,730,1,2022-08-26 07:49:44
2022-08-26 07:49:45,close,CANCELED,5200316931290914000,WS,FTT,27.978,0.0,26.1,730,0,2022-08-26 07:49:45
2022-08-26 07:49:45,close,CANCELED,1004001227673073400,WS,FTT,27.978,0.0,26.1,730,0,2022-08-26 07:49:45
2022-08-26 07:49:58,close,CANCELED,13917990304587004000,WS,FTT,27.976,0.0,26.1,730,13,2022-08-26 07:49:45
2022-08-26 07:49:58,close,CANCELED,1867788712374570800,WS,FTT,27.977,0.0,26.1,730,0,2022-08-26 07:49:58
2022-08-26 07:50:00,close,FULL_FILLED,10213647274468196000,WS,FTT,27.978,26.1,26.1,730,2,2022-08-26 07:49:58
2022-08-26 07:52:30,close,FULL_FILLED,16533765466563875000,WS,BTC,21576.3,0.037,0.037,800,1,2022-08-26 07:52:29
2022-08-26 07:53:58,close,FULL_FILLED,6389437934165978000,WS,BTC,21580.2,-0.037,-0.037,-800,89,2022-08-26 07:52:29
2022-08-26 07:56:34,close,CANCELED,2541215307143744500,WS,FTT,27.952,0.0,-29.0,-800,12,2022-08-26 07:56:22
2022-08-26 07:56:34,close,CANCELED,9746787672538370000,WS,FTT,27.95,21.4,28.6,800,12,2022-08-26 07:56:22
2022-08-26 07:56:34,sync,CANCELED,4578302503467665000,WS,FTT,27.951,-0.2,-21.0,-598,7,2022-08-26 07:56:27
2022-08-26 07:56:35,close,CANCELED,17543767600627186000,WS,FTT,27.951,0.0,-21.0,-593,8,2022-08-26 07:56:27
2022-08-26 07:56:35,close,CANCELED,9551952440337426000,WS,FTT,27.95,0.0,-21.0,-593,1,2022-08-26 07:56:34
2022-08-26 07:56:35,close,CANCELED,12604656822877194000,WS,FTT,27.951,0.0,-21.0,-593,1,2022-08-26 07:56:34
2022-08-26 07:56:35,sync,CANCELED,1816669200880968700,WS,FTT,27.951,0.0,-21.0,-593,0,2022-08-26 07:56:35
2022-08-26 07:56:38,close,FULL_FILLED,8592469227611196000,WS,BTC,21586.7,0.037,0.037,800,3,2022-08-26 07:56:35
2022-08-26 07:56:38,close,CANCELED,2600561220692864000,WS,BTC,21590.0,0.0,-0.037,-800,3,2022-08-26 07:56:35
2022-08-26 07:56:38,close,CANCELED,3797083699883107000,WS,FTT,27.95,0.0,-21.0,-593,3,2022-08-26 07:56:35
2022-08-26 07:56:38,close,CANCELED,2622144525038105000,WS,FTT,27.949,0.0,-21.0,-593,0,2022-08-26 07:56:38
2022-08-26 07:56:38,close,CANCELED,11587227649584556000,WS,BTC,21589.6,0.0,-0.037,-799,0,2022-08-26 07:56:38
2022-08-26 07:56:38,close,CANCELED,14162467095692876000,WS,FTT,27.947,0.0,-21.0,-592,0,2022-08-26 07:56:38
2022-08-26 07:56:38,close,CANCELED,9222686970639323000,WS,BTC,21588.4,0.0,-0.037,-799,0,2022-08-26 07:56:38
2022-08-26 07:56:38,close,CANCELED,14952921255839670000,WS,FTT,27.941,0.0,-21.0,-592,0,2022-08-26 07:56:38
2022-08-26 07:56:38,close,CANCELED,7217678275553677000,WS,FTT,27.941,0.0,-21.0,-592,0,2022-08-26 07:56:38
2022-08-26 07:56:38,close,CANCELED,12344492220990194000,WS,FTT,27.941,0.0,-21.0,-592,0,2022-08-26 07:56:38
2022-08-26 07:56:41,close,CANCELED,11133927793571492000,WS,FTT,27.942,0.0,-21.0,-592,3,2022-08-26 07:56:38
2022-08-26 07:56:52,close,FULL_FILLED,14538452813634249000,WS,FTT,27.941,-21.0,-21.0,-592,14,2022-08-26 07:56:38
2022-08-26 07:58:00,close,FULL_FILLED,9411037914515663000,WS,FTT,27.951,28.6,28.6,800,79,2022-08-26 07:56:41
2022-08-26 07:58:00,close,CANCELED,6609515106990005000,WS,FTT,27.957,0.0,-29.0,-800,13,2022-08-26 07:57:47
2022-08-26 07:58:00,sync,CANCELED,9247228093517804000,WS,FTT,27.956,-0.2,-29.0,-800,13,2022-08-26 07:57:47
2022-08-26 07:58:00,sync,CANCELED,10455439152704602000,WS,FTT,27.955,-0.2,-28.0,-794,0,2022-08-26 07:58:00
2022-08-26 07:58:00,sync,CANCELED,1187602162007080200,WS,FTT,27.952,0.0,-28.0,-788,0,2022-08-26 07:58:00
2022-08-26 07:58:00,sync,CANCELED,2393717796766556700,WS,FTT,27.95,-9.0,-28.0,-788,0,2022-08-26 07:58:00
2022-08-26 07:58:00,close,CANCELED,2778522739471681500,WS,FTT,27.95,0.0,-19.0,-537,0,2022-08-26 07:58:00
2022-08-26 07:58:00,sync,CANCELED,11287025575851082000,WS,FTT,27.949,-9.0,-19.0,-537,0,2022-08-26 07:58:00
2022-08-26 07:58:00,sync,CANCELED,14268408498924919000,WS,FTT,27.95,0.0,-10.0,-285,0,2022-08-26 07:58:00
2022-08-26 07:58:00,close,CANCELED,3886470689856534000,WS,FTT,27.948,0.0,-10.0,-285,0,2022-08-26 07:58:00
2022-08-26 07:58:00,sync,CANCELED,5180169794759130000,WS,FTT,27.949,-9.0,-10.0,-285,0,2022-08-26 07:58:00
2022-08-26 07:58:00,open,CANCELED,9929564364648569000,WS,FTT,27.95,0.0,-29.0,-800,0,2022-08-26 07:58:00
2022-08-26 07:58:00,open,CANCELED,17667704427478378000,WS,FTT,27.949,0.0,-29.0,-800,0,2022-08-26 07:58:00
2022-08-26 07:58:00,open,CANCELED,6795014744403486000,WS,FTT,27.949,0.0,-29.0,-800,0,2022-08-26 07:58:00
2022-08-26 07:58:00,open,CANCELED,17163363911352430000,WS,FTT,27.951,0.0,-29.0,-800,0,2022-08-26 07:58:00
2022-08-26 07:58:01,open,CANCELED,8784566991595399000,WS,FTT,27.951,0.0,-29.0,-800,1,2022-08-26 07:58:00
2022-08-26 07:58:01,open,FULL_FILLED,15856535511042753000,WS,FTT,27.947,28.6,28.6,800,1,2022-08-26 07:58:00
2022-08-26 07:58:01,open,CANCELED,15583164739922670000,WS,FTT,27.949,0.0,-29.0,-800,1,2022-08-26 07:58:00
2022-08-26 07:58:01,sync,CANCELED,12379545912533367000,WS,FTT,27.948,0.0,-30.0,-833,0,2022-08-26 07:58:01
2022-08-26 07:58:01,close,CANCELED,1959116046491692500,WS,BTC,21588.2,0.0,-0.037,-799,0,2022-08-26 07:58:01
2022-08-26 07:58:01,close,CANCELED,7597973747119820000,WS,FTT,27.948,0.0,-30.0,-833,0,2022-08-26 07:58:01
2022-08-26 07:58:02,close,CANCELED,10331981256633903000,WS,FTT,27.947,0.0,-30.0,-833,1,2022-08-26 07:58:01
2022-08-26 07:58:02,sync,CANCELED,18283448779514294000,WS,FTT,27.946,-9.0,-30.0,-833,1,2022-08-26 07:58:01
2022-08-26 07:58:02,close,CANCELED,18269657573607838000,WS,FTT,27.946,0.0,-21.0,-581,0,2022-08-26 07:58:02
2022-08-26 07:58:02,sync,CANCELED,14991044169323942000,WS,FTT,27.946,-9.0,-21.0,-581,0,2022-08-26 07:58:02
2022-08-26 07:58:02,close,CANCELED,13235716989920858000,WS,FTT,27.943,0.0,-12.0,-330,0,2022-08-26 07:58:02
2022-08-26 07:58:02,sync,CANCELED,4797613599412829000,WS,FTT,27.946,0.0,-12.0,-330,0,2022-08-26 07:58:02
2022-08-26 07:58:02,sync,CANCELED,16313178835822635000,WS,FTT,27.943,-9.0,-12.0,-330,0,2022-08-26 07:58:02
2022-08-26 07:58:02,open,CANCELED,11530694403614904000,WS,FTT,27.942,0.0,28.6,800,0,2022-08-26 07:58:02
2022-08-26 07:58:02,open,CANCELED,17838278935667999000,WS,FTT,27.945,0.0,-29.0,-800,0,2022-08-26 07:58:02
2022-08-26 07:58:04,open,CANCELED,1164013960034606800,WS,FTT,27.945,0.0,-29.0,-800,2,2022-08-26 07:58:02
2022-08-26 07:58:04,open,CANCELED,4201060807257279000,WS,FTT,27.942,0.0,28.6,800,2,2022-08-26 07:58:02
2022-08-26 07:58:06,close,CANCELED,5429438440932430000,WS,BTC,21586.3,0.0,-0.037,-799,4,2022-08-26 07:58:02
2022-08-26 07:58:06,close,CANCELED,8573808562475155000,WS,BTC,21585.9,0.0,-0.037,-799,0,2022-08-26 07:58:06
2022-08-26 07:58:06,close,CANCELED,4048540930995359000,WS,BTC,21585.2,0.0,-0.037,-799,0,2022-08-26 07:58:06
2022-08-26 07:58:06,close,CANCELED,17108699494731147000,WS,BTC,21583.5,0.0,-0.037,-798,0,2022-08-26 07:58:06
2022-08-26 07:58:07,close,CANCELED,3708657220456829000,WS,BTC,21582.8,0.0,-0.037,-798,1,2022-08-26 07:58:06
2022-08-26 07:58:07,close,CANCELED,5035337898685391000,WS,BTC,21582.4,0.0,-0.037,-798,0,2022-08-26 07:58:07
2022-08-26 07:58:07,close,CANCELED,13354154594947598000,WS,BTC,21582.7,0.0,-0.037,-798,0,2022-08-26 07:58:07
2022-08-26 07:58:12,open,CANCELED,4890535553819419000,WS,FTT,27.935,0.0,28.6,800,5,2022-08-26 07:58:07
2022-08-26 07:58:12,open,CANCELED,13726986847325893000,WS,FTT,27.938,0.0,-29.0,-800,5,2022-08-26 07:58:07
2022-08-26 07:58:14,close,CANCELED,6446116384980688000,WS,BTC,21582.4,0.0,-0.037,-798,7,2022-08-26 07:58:07
2022-08-26 07:58:14,close,CANCELED,2706319317856174000,WS,BTC,21580.7,0.0,-0.037,-798,0,2022-08-26 07:58:14
2022-08-26 07:58:14,close,CANCELED,8300047825136622000,WS,BTC,21580.0,0.0,-0.037,-798,0,2022-08-26 07:58:14
2022-08-26 07:58:16,close,CANCELED,190701877983678660,WS,BTC,21579.6,0.0,-0.037,-798,2,2022-08-26 07:58:14
2022-08-26 07:58:16,close,CANCELED,393210061038272600,WS,BTC,21579.3,0.0,-0.037,-798,0,2022-08-26 07:58:16
2022-08-26 07:58:20,close,CANCELED,7428912235918749000,WS,BTC,21579.0,0.0,-0.037,-798,4,2022-08-26 07:58:16
2022-08-26 07:58:20,close,CANCELED,7540810721601554000,WS,BTC,21578.8,0.0,-0.037,-798,0,2022-08-26 07:58:20
2022-08-26 07:58:20,close,CANCELED,4472304659443396600,WS,BTC,21578.1,0.0,-0.037,-798,0,2022-08-26 07:58:20
2022-08-26 07:58:20,close,CANCELED,5381403167886028000,WS,BTC,21578.4,0.0,-0.037,-798,0,2022-08-26 07:58:20
2022-08-26 07:58:22,close,CANCELED,3285510411168033300,WS,BTC,21576.5,0.0,-0.037,-798,2,2022-08-26 07:58:20
2022-08-26 07:58:22,sync,FULL_FILLED,12436100660768444000,WS,BTC,21576.4,-0.037,-0.037,-798,0,2022-08-26 07:58:22
2022-08-26 07:58:23,close,FULL_FILLED,10911233227294325000,WS,BTC,21571.0,0.037,0.037,800,1,2022-08-26 07:58:22
2022-08-26 07:58:23,close,CANCELED,14054524998769030000,WS,BTC,21576.5,0.0,-0.037,-800,1,2022-08-26 07:58:22
2022-08-26 07:58:23,sync,FULL_FILLED,15252293126834045000,WS,BTC,21576.4,-0.037,-0.037,-798,0,2022-08-26 07:58:23
2022-08-26 07:58:24,close,FULL_FILLED,18338911430966792000,WS,BTC,21570.0,0.037,0.037,800,1,2022-08-26 07:58:23
2022-08-26 07:58:24,close,CANCELED,2854376114181260300,WS,BTC,21576.5,0.0,-0.037,-800,1,2022-08-26 07:58:23
2022-08-26 07:58:24,sync,FULL_FILLED,11617140014993248000,WS,BTC,21576.4,-0.037,-0.037,-798,0,2022-08-26 07:58:24
2022-08-26 07:58:24,close,FULL_FILLED,11595151936181584000,WS,BTC,21570.0,0.037,0.037,800,0,2022-08-26 07:58:24
2022-08-26 07:58:24,close,CANCELED,3475229478374741000,WS,BTC,21576.5,0.0,-0.037,-800,0,2022-08-26 07:58:24
2022-08-26 07:58:24,sync,FULL_FILLED,17144140384188617000,WS,BTC,21576.4,-0.037,-0.037,-798,0,2022-08-26 07:58:24
2022-08-26 07:58:26,close,CANCELED,5855674525274949000,WS,BTC,21569.8,0.022,0.037,800,2,2022-08-26 07:58:24
2022-08-26 07:58:26,close,CANCELED,11568592825949417000,WS,BTC,21576.5,0.0,-0.037,-800,2,2022-08-26 07:58:24
2022-08-26 07:58:26,sync,FULL_FILLED,6339294221383213000,WS,BTC,21576.4,-0.022,-0.022,-475,0,2022-08-26 07:58:26
2022-08-26 07:58:27,close,FULL_FILLED,11857378321959598000,WS,BTC,21569.8,0.037,0.037,800,1,2022-08-26 07:58:26
2022-08-26 07:58:27,close,CANCELED,17775296207022960000,WS,BTC,21576.5,0.0,-0.037,-800,1,2022-08-26 07:58:26
2022-08-26 07:58:27,sync,FULL_FILLED,12801304000084613000,WS,BTC,21576.4,-0.037,-0.037,-798,1,2022-08-26 07:58:26
2022-08-26 07:58:28,close,FULL_FILLED,11463956180286198000,WS,BTC,21569.8,0.037,0.037,800,2,2022-08-26 07:58:26
2022-08-26 07:58:28,close,CANCELED,12671960777718575000,WS,BTC,21576.5,0.0,-0.037,-800,1,2022-08-26 07:58:27
2022-08-26 07:58:28,sync,FULL_FILLED,5686332413372245000,WS,BTC,21576.4,-0.037,-0.037,-798,1,2022-08-26 07:58:27
2022-08-26 07:58:28,close,CANCELED,793752435717993100,WS,BTC,21569.0,0.0,0.037,800,1,2022-08-26 07:58:27
2022-08-26 07:58:29,close,CANCELED,13528459843397046000,WS,BTC,21576.5,0.0,-0.037,-800,1,2022-08-26 07:58:28
2022-08-26 07:58:29,close,CANCELED,895429293628733200,WS,BTC,21574.5,0.0,-0.037,-800,1,2022-08-26 07:58:28
2022-08-26 07:58:29,open,CANCELED,7153547294186992000,WS,BNB,301.13,0.0,-2.7,-800,1,2022-08-26 07:58:28
2022-08-26 07:58:29,close,FULL_FILLED,4682208168651408000,WS,BTC,21568.8,0.037,0.037,800,1,2022-08-26 07:58:28
2022-08-26 07:58:29,close,CANCELED,9898108169781870000,WS,BTC,21574.3,0.0,-0.037,-800,0,2022-08-26 07:58:29
2022-08-26 07:58:29,sync,CANCELED,13636650312046496000,WS,BTC,21573.1,0.0,-0.037,-798,0,2022-08-26 07:58:29
2022-08-26 07:58:29,sync,FULL_FILLED,9543382178368512000,WS,BTC,21572.3,-0.037,-0.037,-798,0,2022-08-26 07:58:29
2022-08-26 07:58:29,close,CANCELED,18281956791294550000,WS,BTC,21572.7,0.0,-0.037,-800,0,2022-08-26 07:58:29
2022-08-26 07:58:30,close,CANCELED,18148167060591634000,WS,BTC,21572.4,0.0,-0.037,-800,1,2022-08-26 07:58:29
2022-08-26 07:58:30,close,CANCELED,1933264242474441200,WS,BTC,21566.1,0.025,0.037,800,1,2022-08-26 07:58:29
2022-08-26 07:58:30,sync,FULL_FILLED,1539265607281078300,WS,BTC,21572.3,-0.025,-0.025,-539,1,2022-08-26 07:58:29
2022-08-26 07:58:32,close,FULL_FILLED,16857856205674820000,WS,BTC,21566.1,0.037,0.037,800,3,2022-08-26 07:58:29
2022-08-26 07:58:32,close,CANCELED,1394587590525023700,WS,BTC,21572.4,0.0,-0.037,-800,2,2022-08-26 07:58:30
2022-08-26 07:58:32,sync,FULL_FILLED,9608196170994964000,WS,BTC,21572.3,-0.037,-0.037,-798,2,2022-08-26 07:58:30
2022-08-26 07:58:33,close,FULL_FILLED,2764225433010555000,WS,BTC,21566.1,0.037,0.037,800,3,2022-08-26 07:58:30
2022-08-26 07:58:33,close,CANCELED,14657731910011013000,WS,BTC,21572.4,0.0,-0.037,-800,1,2022-08-26 07:58:32
2022-08-26 07:58:33,sync,FULL_FILLED,3596388772800424000,WS,BTC,21572.3,-0.037,-0.037,-798,1,2022-08-26 07:58:32
2022-08-26 07:58:35,close,FULL_FILLED,5697241390475304000,WS,BTC,21566.0,0.037,0.037,800,3,2022-08-26 07:58:32
2022-08-26 07:58:35,close,CANCELED,13930580759450190000,WS,BTC,21572.4,0.0,-0.037,-800,2,2022-08-26 07:58:33
2022-08-26 07:58:35,sync,FULL_FILLED,3860111702901991000,WS,BTC,21572.3,-0.037,-0.037,-798,2,2022-08-26 07:58:33
2022-08-26 07:58:35,close,CANCELED,12551938895219046000,WS,BTC,21572.4,0.0,-0.037,-800,2,2022-08-26 07:58:33
2022-08-26 07:58:36,close,FULL_FILLED,4444878207554070500,WS,BTC,21565.8,0.037,0.037,800,1,2022-08-26 07:58:35
2022-08-26 07:58:37,close,CANCELED,14869573509716785000,WS,BTC,21570.0,0.0,-0.037,-800,2,2022-08-26 07:58:35
2022-08-26 07:58:37,sync,FULL_FILLED,10919285890423507000,WS,BTC,21569.9,-0.037,-0.037,-798,2,2022-08-26 07:58:35
2022-08-26 07:58:37,close,FULL_FILLED,15582470468070871000,WS,BTC,21564.4,0.037,0.037,800,2,2022-08-26 07:58:35
2022-08-26 07:58:37,close,CANCELED,2035798284588331300,WS,BTC,21570.0,0.0,-0.037,-800,0,2022-08-26 07:58:37
2022-08-26 07:58:37,sync,CANCELED,4733082318185383000,WS,BTC,21569.9,0.0,-0.037,-798,0,2022-08-26 07:58:37
2022-08-26 07:58:37,sync,FULL_FILLED,12354763062195479000,WS,BTC,21569.7,-0.037,-0.037,-798,0,2022-08-26 07:58:37
2022-08-26 07:58:37,open,CANCELED,15732777026103005000,WS,BTC,21569.9,0.0,-0.037,-800,0,2022-08-26 07:58:37
2022-08-26 07:58:38,open,FULL_FILLED,2067541438645009400,WS,BTC,21564.4,0.037,0.037,800,1,2022-08-26 07:58:37
2022-08-26 07:58:38,open,CANCELED,13985997174294905000,WS,BTC,21569.8,0.0,-0.037,-800,1,2022-08-26 07:58:37
2022-08-26 07:58:38,sync,FULL_FILLED,9372155260754797000,WS,BTC,21569.7,-0.037,-0.037,-798,1,2022-08-26 07:58:37
2022-08-26 07:58:39,open,FULL_FILLED,18088581926882290000,WS,BTC,21564.4,0.037,0.037,800,2,2022-08-26 07:58:37
2022-08-26 07:58:39,open,CANCELED,985779684633436900,WS,BTC,21569.8,0.0,-0.037,-800,1,2022-08-26 07:58:38
2022-08-26 07:58:39,sync,FULL_FILLED,10906200610560133000,WS,BTC,21569.7,-0.037,-0.037,-798,1,2022-08-26 07:58:38
2022-08-26 07:58:40,open,CANCELED,12703848141212897000,WS,BTC,21569.8,0.0,-0.037,-800,2,2022-08-26 07:58:38
2022-08-26 07:58:40,open,CANCELED,14588130611094987000,WS,BTC,21564.4,0.008,0.037,800,1,2022-08-26 07:58:39
2022-08-26 07:58:40,sync,FULL_FILLED,9719149940332292000,WS,BTC,21569.7,-0.008,-0.008,-173,1,2022-08-26 07:58:39
2022-08-26 07:58:41,open,CANCELED,9845174353803835000,WS,BNB,301.08,0.0,2.66,800,2,2022-08-26 07:58:39
2022-08-26 07:58:41,open,CANCELED,7944982374192067000,WS,BNB,301.12,0.0,-2.7,-800,1,2022-08-26 07:58:40
2022-08-26 07:58:41,open,CANCELED,10156043536806666000,WS,BNB,301.12,0.0,-2.7,-800,1,2022-08-26 07:58:40
2022-08-26 07:58:41,open,CANCELED,8979902206931360000,WS,BNB,301.09,0.0,2.66,800,1,2022-08-26 07:58:40
2022-08-26 07:58:45,open,FULL_FILLED,8913308764705847000,WS,BTC,21564.4,0.037,0.037,800,4,2022-08-26 07:58:41
2022-08-26 07:58:45,open,CANCELED,17972034694089474000,WS,BTC,21569.8,0.0,-0.037,-800,4,2022-08-26 07:58:41
2022-08-26 07:58:45,sync,FULL_FILLED,15219336671328324000,WS,BTC,21569.7,-0.037,-0.037,-798,0,2022-08-26 07:58:45
2022-08-26 07:58:49,open,FULL_FILLED,17450364055870265000,WS,BTC,21564.4,0.037,0.037,800,4,2022-08-26 07:58:45
2022-08-26 07:58:49,open,CANCELED,5312653764565734000,WS,BTC,21569.8,0.0,-0.037,-800,4,2022-08-26 07:58:45
2022-08-26 07:58:49,sync,FULL_FILLED,17607589328401406000,WS,BTC,21569.7,-0.037,-0.037,-798,0,2022-08-26 07:58:49
2022-08-26 07:58:55,open,FULL_FILLED,3566238176232940500,WS,BTC,21564.4,0.037,0.037,800,6,2022-08-26 07:58:49
2022-08-26 07:58:55,open,CANCELED,10362737952829320000,WS,BTC,21569.8,0.0,-0.037,-800,6,2022-08-26 07:58:49
2022-08-26 07:58:55,sync,FULL_FILLED,11771309170727848000,WS,BTC,21569.7,-0.037,-0.037,-798,0,2022-08-26 07:58:55
2022-08-26 07:58:56,open,CANCELED,9377789639582935000,WS,BTC,21564.4,0.023,0.037,800,1,2022-08-26 07:58:55
2022-08-26 07:58:56,open,CANCELED,12751574097746514000,WS,BTC,21569.8,0.0,-0.037,-800,1,2022-08-26 07:58:55
2022-08-26 07:58:56,sync,FULL_FILLED,6529540014203321000,WS,BTC,21569.7,-0.023,-0.023,-496,0,2022-08-26 07:58:56
2022-08-26 07:58:57,open,FULL_FILLED,7161068915873727000,WS,BTC,21564.4,0.037,0.037,800,1,2022-08-26 07:58:56
2022-08-26 07:58:57,open,CANCELED,3211122209012439600,WS,BTC,21569.8,0.0,-0.037,-800,1,2022-08-26 07:58:56
2022-08-26 07:58:57,sync,CANCELED,4352273876840206000,WS,BTC,21569.7,0.0,-0.037,-798,0,2022-08-26 07:58:57
2022-08-26 07:58:57,sync,FULL_FILLED,4312007046522755000,WS,BTC,21562.7,-0.037,-0.037,-798,0,2022-08-26 07:58:57
2022-08-26 07:58:57,open,CANCELED,247766372129797100,WS,BTC,21557.1,0.0,0.037,800,0,2022-08-26 07:58:57
2022-08-26 07:58:57,open,CANCELED,11730569300675340000,WS,BTC,21556.2,0.0,0.037,800,0,2022-08-26 07:58:57
2022-08-26 07:58:57,open,CANCELED,6012365533754722000,WS,BTC,21563.6,0.0,-0.037,-800,0,2022-08-26 07:58:57
2022-08-26 07:58:59,open,FULL_FILLED,14024849602876420000,WS,BTC,21556.1,0.037,0.037,800,2,2022-08-26 07:58:57
2022-08-26 07:58:59,open,CANCELED,14375613547203586000,WS,BTC,21562.2,0.0,-0.037,-800,2,2022-08-26 07:58:57
2022-08-26 07:58:59,sync,FULL_FILLED,11138875216832328000,WS,BTC,21562.1,-0.037,-0.037,-798,0,2022-08-26 07:58:59
2022-08-26 07:58:59,open,CANCELED,11740681218590388000,WS,BTC,21554.3,0.0,0.037,800,0,2022-08-26 07:58:59
2022-08-26 07:58:59,open,CANCELED,1918526459743825700,WS,BTC,21554.8,0.0,0.037,800,0,2022-08-26 07:58:59
2022-08-26 07:58:59,open,CANCELED,1534354491967444700,WS,BTC,21555.2,0.0,0.037,800,0,2022-08-26 07:58:59
2022-08-26 07:58:59,open,CANCELED,2928784530221502000,WS,BTC,21555.9,0.0,0.037,800,0,2022-08-26 07:58:59
2022-08-26 07:59:00,open,FULL_FILLED,2031158727027961000,WS,BTC,21555.9,0.037,0.037,800,1,2022-08-26 07:58:59
2022-08-26 07:59:00,open,CANCELED,11016363614102604000,WS,BTC,21562.2,0.0,-0.037,-800,1,2022-08-26 07:58:59
2022-08-26 07:59:00,sync,CANCELED,9361209489185559000,WS,BTC,21562.1,0.0,-0.037,-798,0,2022-08-26 07:59:00
2022-08-26 07:59:01,sync,FULL_FILLED,7375360517603447000,WS,BTC,21558.8,-0.037,-0.037,-798,1,2022-08-26 07:59:00
2022-08-26 07:59:01,open,CANCELED,14857744368211685000,WS,BTC,21551.7,0.0,0.037,800,0,2022-08-26 07:59:01
2022-08-26 07:59:01,open,CANCELED,10467937653341917000,WS,BTC,21558.9,0.0,-0.037,-800,0,2022-08-26 07:59:01
2022-08-26 07:59:16,open,FULL_FILLED,41109111943744776,WS,BTC,21553.9,0.037,0.037,800,1,2022-08-26 07:59:15
2022-08-26 07:59:16,open,CANCELED,8708606532214845000,WS,BTC,21558.9,0.0,-0.037,-800,1,2022-08-26 07:59:15
2022-08-26 07:59:16,sync,FULL_FILLED,15288743180373020000,WS,BTC,21558.8,-0.037,-0.037,-798,0,2022-08-26 07:59:16
2022-08-26 07:59:19,open,CANCELED,4023427877815175700,WS,BTC,21558.9,0.0,-0.037,-800,3,2022-08-26 07:59:16
2022-08-26 07:59:19,open,CANCELED,10020560356573413000,WS,BTC,21553.9,0.0,0.037,800,3,2022-08-26 07:59:16
2022-08-26 07:59:28,open,FULL_FILLED,16106201531237906000,WS,BTC,21553.9,0.037,0.037,800,4,2022-08-26 07:59:24
2022-08-26 07:59:28,open,CANCELED,9173212515353609000,WS,BTC,21558.9,0.0,-0.037,-800,4,2022-08-26 07:59:24
2022-08-26 07:59:28,sync,FULL_FILLED,7517689840292834000,WS,BTC,21558.8,-0.037,-0.037,-798,0,2022-08-26 07:59:28
2022-08-26 07:59:30,open,FULL_FILLED,1777171525740984300,WS,BTC,21553.9,0.037,0.037,800,2,2022-08-26 07:59:28
2022-08-26 07:59:30,open,CANCELED,9569395541856840000,WS,BTC,21558.9,0.0,-0.037,-800,2,2022-08-26 07:59:28
2022-08-26 07:59:30,sync,FULL_FILLED,3351492691001408500,WS,BTC,21558.8,-0.037,-0.037,-798,0,2022-08-26 07:59:30
2022-08-26 07:59:30,open,CANCELED,1878983478980888300,WS,BTC,21553.5,0.0,0.037,800,0,2022-08-26 07:59:30
2022-08-26 07:59:32,open,FULL_FILLED,8673112509089052000,WS,BTC,21553.5,0.037,0.037,800,2,2022-08-26 07:59:30
2022-08-26 07:59:32,open,CANCELED,507942788181962400,WS,BTC,21558.9,0.0,-0.037,-800,2,2022-08-26 07:59:30
2022-08-26 07:59:32,sync,FULL_FILLED,6690392085274931000,WS,BTC,21558.8,-0.037,-0.037,-798,0,2022-08-26 07:59:32
2022-08-26 07:59:36,open,FULL_FILLED,2083318053657858800,WS,BTC,21553.5,0.037,0.037,800,4,2022-08-26 07:59:32
2022-08-26 07:59:36,open,CANCELED,16048984049846338000,WS,BTC,21558.9,0.0,-0.037,-800,4,2022-08-26 07:59:32
2022-08-26 07:59:36,sync,FULL_FILLED,7484879032987117000,WS,BTC,21558.8,-0.037,-0.037,-798,0,2022-08-26 07:59:36
2022-08-26 07:59:39,open,FULL_FILLED,17864270906884192000,WS,BTC,21553.1,0.037,0.037,800,3,2022-08-26 07:59:36
2022-08-26 07:59:39,open,CANCELED,12291212996340703000,WS,BTC,21558.9,0.0,-0.037,-800,3,2022-08-26 07:59:36
2022-08-26 07:59:39,sync,FULL_FILLED,2104618341755753000,WS,BTC,21558.8,-0.037,-0.037,-798,0,2022-08-26 07:59:39
2022-08-26 07:59:42,open,FULL_FILLED,14308968531326673000,WS,BTC,21552.6,0.037,0.037,800,2,2022-08-26 07:59:40
2022-08-26 07:59:42,open,CANCELED,2267936639815454700,WS,BTC,21558.9,0.0,-0.037,-800,2,2022-08-26 07:59:40
2022-08-26 07:59:42,sync,FULL_FILLED,12654822451076004000,WS,BTC,21558.8,-0.037,-0.037,-798,0,2022-08-26 07:59:42
2022-08-26 07:59:42,open,CANCELED,16615923368303104000,WS,BTC,21552.6,0.0,0.037,800,0,2022-08-26 07:59:42
2022-08-26 07:59:46,open,CANCELED,10477852726889710000,WS,BNB,301.05,0.0,-2.7,-800,4,2022-08-26 07:59:42
2022-08-26 07:59:46,open,CANCELED,11285339445995688000,WS,BNB,301.01,0.0,2.66,800,4,2022-08-26 07:59:42
2022-08-26 07:59:46,open,CANCELED,11373426712686019000,WS,BNB,301.05,0.0,-2.7,-800,4,2022-08-26 07:59:42
2022-08-26 07:59:46,open,CANCELED,15853179394338605000,WS,BNB,301.02,0.0,2.66,800,4,2022-08-26 07:59:42
2022-08-26 07:59:50,open,FULL_FILLED,5256314705641700000,WS,BTC,21551.7,0.037,0.037,800,4,2022-08-26 07:59:46
2022-08-26 07:59:50,open,CANCELED,16279790390538478000,WS,BTC,21558.9,0.0,-0.037,-800,4,2022-08-26 07:59:46
2022-08-26 07:59:50,sync,FULL_FILLED,7082110082652837000,WS,BTC,21558.8,-0.037,-0.037,-798,0,2022-08-26 07:59:50
2022-08-26 07:59:53,open,FULL_FILLED,4802476470329752000,WS,BTC,21551.7,0.037,0.037,800,3,2022-08-26 07:59:50
2022-08-26 07:59:53,open,CANCELED,15761924826177167000,WS,BTC,21558.9,0.0,-0.037,-800,3,2022-08-26 07:59:50
2022-08-26 07:59:53,sync,FULL_FILLED,7009483488631986000,WS,BTC,21558.8,-0.037,-0.037,-798,0,2022-08-26 07:59:53
2022-08-26 07:59:56,open,FULL_FILLED,12540758550747515000,WS,BTC,21551.7,0.037,0.037,800,3,2022-08-26 07:59:53
2022-08-26 07:59:56,open,CANCELED,11645238972295158000,WS,BTC,21558.9,0.0,-0.037,-800,3,2022-08-26 07:59:53
2022-08-26 07:59:56,sync,FULL_FILLED,9792446781138061000,WS,BTC,21558.8,-0.037,-0.037,-798,0,2022-08-26 07:59:56
2022-08-26 07:59:56,open,CANCELED,18125189092541030000,WS,BTC,21551.5,0.0,0.037,800,0,2022-08-26 07:59:56
2022-08-26 07:59:58,open,FULL_FILLED,11049246075774680000,WS,BTC,21551.5,0.037,0.037,800,2,2022-08-26 07:59:56
2022-08-26 07:59:58,open,CANCELED,12812583451082875000,WS,BTC,21558.9,0.0,-0.037,-800,2,2022-08-26 07:59:56
2022-08-26 07:59:58,sync,CANCELED,5731106864029480000,WS,BTC,21556.5,0.0,-0.037,-798,0,2022-08-26 07:59:58
2022-08-26 07:59:59,sync,CANCELED,140504695491580580,WS,BTC,21555.7,0.0,-0.037,-798,0,2022-08-26 07:59:59
2022-08-26 07:59:59,sync,CANCELED,8164895510514517000,WS,BTC,21555.3,0.0,-0.037,-798,0,2022-08-26 07:59:59
2022-08-26 07:59:59,sync,FULL_FILLED,17618168317656834000,WS,BTC,21555.0,-0.037,-0.037,-798,0,2022-08-26 07:59:59
2022-08-26 07:59:59,open,FULL_FILLED,10828409597103841000,WS,BTC,21548.3,0.037,0.037,800,0,2022-08-26 07:59:59
2022-08-26 07:59:59,open,CANCELED,15061880497850913000,WS,BTC,21555.1,0.0,-0.037,-800,0,2022-08-26 07:59:59
2022-08-26 07:59:59,sync,FULL_FILLED,11787834004083526000,WS,BTC,21555.0,-0.037,-0.037,-798,0,2022-08-26 07:59:59
2022-08-26 08:00:00,open,FULL_FILLED,9192938951043719000,WS,BTC,21548.3,0.037,0.037,800,1,2022-08-26 07:59:59
2022-08-26 08:00:02,open,CANCELED,2757984752176220700,WS,BTC,21555.1,0.0,-0.037,-800,3,2022-08-26 07:59:59
2022-08-26 08:00:12,sync,CANCELED,16411873402996615000,WS,BTC,21555.0,0.0,-0.037,-798,9,2022-08-26 08:00:03
2022-08-26 08:00:14,sync,CANCELED,16127046884579938000,WS,BTC,21552.3,0.0,-0.037,-797,2,2022-08-26 08:00:12
2022-08-26 08:00:14,open,FULL_FILLED,17368093064683868000,WS,BNB,300.84,2.66,2.66,800,0,2022-08-26 08:00:14
2022-08-26 08:00:14,open,CANCELED,15708195569233068000,WS,BNB,300.93,0.0,-2.7,-800,0,2022-08-26 08:00:14
2022-08-26 08:00:14,sync,FULL_FILLED,7211002174645191000,WS,BNB,300.91,-2.7,-2.7,-800,0,2022-08-26 08:00:14
2022-08-26 08:00:15,open,CANCELED,7977238931208689000,WS,BNB,300.84,0.0,2.66,800,1,2022-08-26 08:00:14
2022-08-26 08:00:15,open,FULL_FILLED,15819841057302122000,WS,BNB,300.85,2.66,2.66,800,1,2022-08-26 08:00:14
2022-08-26 08:00:15,open,CANCELED,14052272781591430000,WS,BNB,300.92,0.0,-2.7,-800,1,2022-08-26 08:00:14
2022-08-26 08:00:15,close,CANCELED,4184154548518004000,WS,BTC,21544.5,0.0,-0.037,-797,0,2022-08-26 08:00:15
2022-08-26 08:00:15,sync,FULL_FILLED,14371765893680906000,WS,BTC,21548.6,-0.037,-0.037,-797,0,2022-08-26 08:00:15
2022-08-26 08:00:15,sync,CANCELED,14657176420293605000,WS,BNB,300.91,-0.87,-2.7,-800,0,2022-08-26 08:00:15
2022-08-26 08:00:15,sync,FULL_FILLED,16171931522176311000,WS,BNB,300.9,-1.8,-1.8,-539,0,2022-08-26 08:00:15
2022-08-26 08:00:15,open,CANCELED,2780157398341396000,WS,BNB,300.91,0.0,-2.7,-800,0,2022-08-26 08:00:15
2022-08-26 08:00:15,open,CANCELED,1607420999245644000,WS,BNB,300.84,0.4,2.66,800,0,2022-08-26 08:00:15
2022-08-26 08:00:15,sync,FULL_FILLED,2462469349267492000,WS,BNB,300.9,-0.4,-0.4,-120,0,2022-08-26 08:00:15
2022-08-26 08:00:16,open,CANCELED,7220032700324538000,WS,BNB,300.84,0.0,2.66,800,1,2022-08-26 08:00:15
2022-08-26 08:00:17,open,CANCELED,17192667849329000000,WS,BNB,300.91,0.0,-2.7,-800,2,2022-08-26 08:00:15
2022-08-26 08:00:17,open,CANCELED,1272031864898495700,WS,BNB,300.85,1.36,2.66,800,1,2022-08-26 08:00:16
2022-08-26 08:00:17,sync,FULL_FILLED,17098633731134340000,WS,BNB,300.9,-1.4,-1.4,-409,0,2022-08-26 08:00:17
2022-08-26 08:00:17,open,CANCELED,9196436268818687000,WS,BNB,300.91,0.0,-2.7,-800,0,2022-08-26 08:00:17
2022-08-26 08:00:17,open,CANCELED,10138820683154477000,WS,BNB,300.85,0.0,2.66,800,0,2022-08-26 08:00:17
2022-08-26 08:00:20,open,FULL_FILLED,2701689403489454000,WS,BNB,300.86,2.66,2.66,800,3,2022-08-26 08:00:17
2022-08-26 08:00:20,open,CANCELED,7504608364473714000,WS,BNB,300.91,0.0,-2.7,-800,3,2022-08-26 08:00:17
2022-08-26 08:00:20,sync,CANCELED,773261196270275000,WS,BNB,300.9,-0.23,-2.7,-800,0,2022-08-26 08:00:20
2022-08-26 08:00:20,close,CANCELED,14065777755872092000,WS,BNB,300.87,0.0,-2.4,-731,0,2022-08-26 08:00:20
2022-08-26 08:00:20,sync,CANCELED,10349981954296592000,WS,BNB,300.9,0.0,-2.4,-731,0,2022-08-26 08:00:20
2022-08-26 08:00:21,close,CANCELED,10587999704898863000,WS,BNB,300.87,0.0,-2.4,-731,1,2022-08-26 08:00:20
2022-08-26 08:00:21,close,CANCELED,15072497815770665000,WS,BNB,300.79,0.0,-2.4,-731,0,2022-08-26 08:00:21
2022-08-26 08:00:21,close,CANCELED,6907904334650345000,WS,BNB,300.79,0.0,-2.4,-731,0,2022-08-26 08:00:21
2022-08-26 08:00:21,close,CANCELED,13451174412975620000,WS,BNB,300.79,0.0,-2.4,-731,0,2022-08-26 08:00:21
2022-08-26 08:00:21,close,CANCELED,12111658154528184000,WS,BNB,300.82,0.0,-2.4,-731,0,2022-08-26 08:00:21
2022-08-26 08:00:21,sync,CANCELED,13229036307949836000,WS,BNB,300.85,0.0,-2.4,-731,0,2022-08-26 08:00:21
2022-08-26 08:00:22,close,FULL_FILLED,18104330579107557000,WS,BNB,300.82,-2.4,-2.4,-731,1,2022-08-26 08:00:21
2022-08-26 08:00:30,open,FULL_FILLED,11946445268621468000,WS,BNB,300.77,2.66,2.66,800,2,2022-08-26 08:00:28
2022-08-26 08:00:30,open,CANCELED,11137122195430064000,WS,BNB,300.83,0.0,-2.7,-800,2,2022-08-26 08:00:28
2022-08-26 08:00:30,sync,CANCELED,12645624916186550000,WS,BNB,300.82,0.0,-2.7,-800,0,2022-08-26 08:00:30
2022-08-26 08:00:30,sync,CANCELED,1921213943951709700,WS,BNB,300.81,0.0,-2.7,-800,0,2022-08-26 08:00:30
2022-08-26 08:00:30,sync,CANCELED,8805736356443280000,WS,BNB,300.8,-1.6,-2.7,-800,0,2022-08-26 08:00:30
2022-08-26 08:00:30,close,CANCELED,8681637528086899000,WS,BNB,300.76,0.0,-1.1,-331,0,2022-08-26 08:00:30
2022-08-26 08:00:31,sync,CANCELED,9493809663390274000,WS,BNB,300.8,0.0,-1.1,-331,1,2022-08-26 08:00:30
2022-08-26 08:00:32,close,CANCELED,11352054105185054,WS,BNB,300.76,0.0,-1.1,-331,1,2022-08-26 08:00:31
